<Entity>
  <Name LocalizedName="Space" OriginalName="Space">es_space</Name>
  <EntityInfo>
    <entity Name="es_space">
      <LocalizedNames>
        <LocalizedName description="Space" languagecode="1033" />
      </LocalizedNames>
      <LocalizedCollectionNames>
        <LocalizedCollectionName description="Spaces" languagecode="1033" />
      </LocalizedCollectionNames>
      <Descriptions>
        <Description description="Available space for reservation" languagecode="1033" />
      </Descriptions>
    </entity>
  </EntityInfo>
</Entity>
