<?xml version="1.0" encoding="utf-8"?>
<ImportExportXml version="9.2.25081.234" SolutionPackageVersion="9.2" languagecode="1033" generatedBy="CrmLive" xmlns:xsi="http://www.w3.org/2001/XMLSchema-instance" OrganizationVersion="9.2.25081.234" OrganizationSchemaType="Full" CRMServerServiceabilityVersion="9.2.25081.00234">
  <SolutionManifest>
    <UniqueName>EasySpacesWorkingSolution</UniqueName>
    <LocalizedNames>
      <LocalizedName description="Easy Spaces Working Solution" languagecode="1033" />
    </LocalizedNames>
    <Descriptions>
      <Description description="Complete Easy Spaces event management solution with all components" languagecode="1033" />
    </Descriptions>
    <Version>1.1</Version>
    <Managed>0</Managed>
    <Publisher>
      <UniqueName>EasySpacesPublisher</UniqueName>
      <LocalizedNames>
        <LocalizedName description="EasySpacesPublisher" languagecode="1033" />
      </LocalizedNames>
      <Descriptions>
        <Description description="EasySpacesPublisher" languagecode="1033" />
      </Descriptions>
      <EMailAddress xsi:nil="true"></EMailAddress>
      <SupportingWebsiteUrl xsi:nil="true"></SupportingWebsiteUrl>
      <CustomizationPrefix>es</CustomizationPrefix>
      <CustomizationOptionValuePrefix>48147</CustomizationOptionValuePrefix>
    </Publisher>
    <RootComponents>
      <RootComponent type="91" schemaName="EasySpaces.ReservationManager" behavior="0" />
      <RootComponent type="91" schemaName="EasySpaces.CustomerServices" behavior="0" />
      <RootComponent type="91" schemaName="EasySpaces.MarketServices" behavior="0" />
      <RootComponent type="61" schemaName="es_openRecordAction.js" behavior="0" />
      <RootComponent type="300" schemaName="EasySpacesCanvas" behavior="0" />
    </RootComponents>
    <MissingDependencies />
  </SolutionManifest>
</ImportExportXml>
