﻿<?xml version="1.0" encoding="utf-8"?>
<ImportExportXml xmlns:xsi="http://www.w3.org/2001/XMLSchema-instance">
  <Entities>
    <Entity>es_market</Entity>
    <Entity>es_space</Entity>
    <Entity>es_reservation</Entity>
  </Entities>
  <Roles />
  <Workflows />
  <FieldSecurityProfiles />
  <Templates />
  <EntityMaps />
  <EntityRelationships>
    <EntityRelationship Name="es_market_es_space">
      <EntityRelationshipType>OneToMany</EntityRelationshipType>
      <IsCustomizable>1</IsCustomizable>
      <IntroducedVersion>1.0.0.0</IntroducedVersion>
      <ReferencingEntityName>es_space</ReferencingEntityName>
      <ReferencingAttributeName>es_marketid</ReferencingAttributeName>
      <ReferencedEntityName>es_market</ReferencedEntityName>
      <ReferencedAttributeName>es_marketid</ReferencedAttributeName>
      <CascadeDelete>Restrict</CascadeDelete>
      <CascadeAssign>NoCascade</CascadeAssign>
      <CascadeShare>NoCascade</CascadeShare>
      <CascadeUnshare>NoCascade</CascadeUnshare>
      <CascadeReparent>NoCascade</CascadeReparent>
      <IsHierarchical>0</IsHierarchical>
    </EntityRelationship>
    <EntityRelationship Name="es_space_es_reservation">
      <EntityRelationshipType>OneToMany</EntityRelationshipType>
      <IsCustomizable>1</IsCustomizable>
      <IntroducedVersion>1.0.0.0</IntroducedVersion>
      <ReferencingEntityName>es_reservation</ReferencingEntityName>
      <ReferencingAttributeName>es_spaceid</ReferencingAttributeName>
      <ReferencedEntityName>es_space</ReferencedEntityName>
      <ReferencedAttributeName>es_spaceid</ReferencedAttributeName>
      <CascadeDelete>Restrict</CascadeDelete>
      <CascadeAssign>NoCascade</CascadeAssign>
      <CascadeShare>NoCascade</CascadeShare>
      <CascadeUnshare>NoCascade</CascadeUnshare>
      <CascadeReparent>NoCascade</CascadeReparent>
      <IsHierarchical>0</IsHierarchical>
    </EntityRelationship>
  </EntityRelationships>
  <OrganizationSettings />
  <optionsets />
</ImportExportXml>