﻿<?xml version="1.0" encoding="utf-8"?>
<ImportExportXml version="9.2.24081.10375" SolutionPackageVersion="9.2" languagecode="1033" generatedBy="CrmLive" xmlns:xsi="http://www.w3.org/2001/XMLSchema-instance">
  <Entities>
<?xml version="1.0" encoding="utf-8"?>
<Entity>
  <Name LocalizedName="Market" OriginalName="Market">market</Name>
  <Entity>
    <Entity>
      <LocalizedNames>
        <LocalizedName description="Market" languagecode="1033"/>
      </LocalizedNames>
      <LocalizedCollectionNames>
        <LocalizedCollectionName description="Markets" languagecode="1033"/>
      </LocalizedCollectionNames>
      <Descriptions>
        <Description description="Represents a geographical market for Easy Spaces" languagecode="1033"/>
      </Descriptions>
      <PrimaryIdAttribute>marketid</PrimaryIdAttribute>
      <PrimaryNameAttribute>name</PrimaryNameAttribute>
      <OwnershipType>UserOwned</OwnershipType>
      <IsActivity>false</IsActivity>
      <IsAvailableOffline>true</IsAvailableOffline>
      <IsBusinessProcessEnabled>true</IsBusinessProcessEnabled>
      <IsMailMergeEnabled>false</IsMailMergeEnabled>
      <IsValidForQueue>false</IsValidForQueue>
      <IsConnectionsEnabled>true</IsConnectionsEnabled>
      <HasNotes>true</HasNotes>
      <HasActivities>true</HasActivities>
      <IsQuickCreateEnabled>true</IsQuickCreateEnabled>
      <IsDuplicateDetectionEnabled>true</IsDuplicateDetectionEnabled>
      <IsAuditEnabled>true</IsAuditEnabled>
      <IsRenameable>true</IsRenameable>
      <IsMappable>true</IsMappable>
      <ChangeTrackingEnabled>true</ChangeTrackingEnabled>
    </Entity>
    <attributes>
      <attribute PhysicalName="marketid" Type="primarykey">
        <Type>primarykey</Type>
        <Name>marketid</Name>
        <LogicalName>marketid</LogicalName>
        <RequiredLevel>SystemRequired</RequiredLevel>
        <DisplayMask>ValidForAdvancedFind|RequiredForForm</DisplayMask>
        <IsPrimaryId>true</IsPrimaryId>
        <IsLogical>false</IsLogical>
        <IsSecured>false</IsSecured>
        <IsCustom>false</IsCustom>
        <SourceType>0</SourceType>
      </attribute>
      <attribute PhysicalName="name" Type="nvarchar">
        <Type>nvarchar</Type>
        <Name>name</Name>
        <LogicalName>name</LogicalName>
        <RequiredLevel>ApplicationRequired</RequiredLevel>
        <DisplayMask>ValidForAdvancedFind|RequiredForForm|ValidForGrid</DisplayMask>
        <IsPrimaryName>true</IsPrimaryName>
        <Length>100</Length>
        <IsLogical>false</IsLogical>
        <IsSecured>false</IsSecured>
        <IsCustom>true</IsCustom>
        <SourceType>0</SourceType>
        <LocalizedNames>
          <LocalizedName description="Market Name" languagecode="1033"/>
        </LocalizedNames>
        <Descriptions>
          <Description description="The name of the market" languagecode="1033"/>
        </Descriptions>
      </attribute>
      <attribute PhysicalName="city" Type="nvarchar">
        <Type>nvarchar</Type>
        <Name>city</Name>
        <LogicalName>city</LogicalName>
        <RequiredLevel>ApplicationRequired</RequiredLevel>
        <DisplayMask>ValidForAdvancedFind|RequiredForForm|ValidForGrid</DisplayMask>
        <Length>100</Length>
        <IsLogical>false</IsLogical>
        <IsSecured>false</IsSecured>
        <IsCustom>true</IsCustom>
        <SourceType>0</SourceType>
        <LocalizedNames>
          <LocalizedName description="City" languagecode="1033"/>
        </LocalizedNames>
        <Descriptions>
          <Description description="City where the market is located" languagecode="1033"/>
        </Descriptions>
      </attribute>
      <attribute PhysicalName="state" Type="nvarchar">
        <Type>nvarchar</Type>
        <Name>state</Name>
        <LogicalName>state</LogicalName>
        <RequiredLevel>None</RequiredLevel>
        <DisplayMask>ValidForAdvancedFind|ValidForForm|ValidForGrid</DisplayMask>
        <Length>50</Length>
        <IsLogical>false</IsLogical>
        <IsSecured>false</IsSecured>
        <IsCustom>true</IsCustom>
        <SourceType>0</SourceType>
        <LocalizedNames>
          <LocalizedName description="State/Province" languagecode="1033"/>
        </LocalizedNames>
        <Descriptions>
          <Description description="State or Province" languagecode="1033"/>
        </Descriptions>
      </attribute>
      <attribute PhysicalName="country" Type="nvarchar">
        <Type>nvarchar</Type>
        <Name>country</Name>
        <LogicalName>country</LogicalName>
        <RequiredLevel>None</RequiredLevel>
        <DisplayMask>ValidForAdvancedFind|ValidForForm|ValidForGrid</DisplayMask>
        <Length>100</Length>
        <IsLogical>false</IsLogical>
        <IsSecured>false</IsSecured>
        <IsCustom>true</IsCustom>
        <SourceType>0</SourceType>
        <LocalizedNames>
          <LocalizedName description="Country" languagecode="1033"/>
        </LocalizedNames>
        <Descriptions>
          <Description description="Country where the market is located" languagecode="1033"/>
        </Descriptions>
      </attribute>
      <attribute PhysicalName="totaldailybookingrate" Type="money">
        <Type>money</Type>
        <Name>totaldailybookingrate</Name>
        <LogicalName>totaldailybookingrate</LogicalName>
        <RequiredLevel>None</RequiredLevel>
        <DisplayMask>ValidForAdvancedFind|ValidForForm|ValidForGrid</DisplayMask>
        <MinValue>0</MinValue>
        <MaxValue>1000000000</MaxValue>
        <Precision>2</Precision>
        <IsLogical>false</IsLogical>
        <IsSecured>false</IsSecured>
        <IsCustom>true</IsCustom>
        <SourceType>0</SourceType>
        <LocalizedNames>
          <LocalizedName description="Total Daily Booking Rate" languagecode="1033"/>
        </LocalizedNames>
        <Descriptions>
          <Description description="Total daily booking rate for the market" languagecode="1033"/>
        </Descriptions>
      </attribute>
      <attribute PhysicalName="predictedbookingrate" Type="decimal">
        <Type>decimal</Type>
        <Name>predictedbookingrate</Name>
        <LogicalName>predictedbookingrate</LogicalName>
        <RequiredLevel>None</RequiredLevel>
        <DisplayMask>ValidForAdvancedFind|ValidForForm|ValidForGrid</DisplayMask>
        <MinValue>0</MinValue>
        <MaxValue>100</MaxValue>
        <Precision>2</Precision>
        <IsLogical>false</IsLogical>
        <IsSecured>false</IsSecured>
        <IsCustom>true</IsCustom>
        <SourceType>0</SourceType>
        <LocalizedNames>
          <LocalizedName description="Predicted Booking Rate (%)" languagecode="1033"/>
        </LocalizedNames>
        <Descriptions>
          <Description description="AI predicted booking rate percentage" languagecode="1033"/>
        </Descriptions>
      </attribute>
    </attributes>
  </EntityInfo>
</Entity>
<?xml version="1.0" encoding="utf-8"?>
<Entity>
  <Name LocalizedName="Space" OriginalName="Space">space</Name>
  <Entity>
    <Entity>
      <LocalizedNames>
        <LocalizedName description="Space" languagecode="1033"/>
      </LocalizedNames>
      <LocalizedCollectionNames>
        <LocalizedCollectionName description="Spaces" languagecode="1033"/>
      </LocalizedCollectionNames>
      <Descriptions>
        <Description description="Represents a rentable space for events" languagecode="1033"/>
      </Descriptions>
      <PrimaryIdAttribute>spaceid</PrimaryIdAttribute>
      <PrimaryNameAttribute>name</PrimaryNameAttribute>
      <OwnershipType>UserOwned</OwnershipType>
      <IsActivity>false</IsActivity>
      <IsAvailableOffline>true</IsAvailableOffline>
      <IsBusinessProcessEnabled>true</IsBusinessProcessEnabled>
      <IsMailMergeEnabled>false</IsMailMergeEnabled>
      <IsValidForQueue>false</IsValidForQueue>
      <IsConnectionsEnabled>true</IsConnectionsEnabled>
      <HasNotes>true</HasNotes>
      <HasActivities>true</HasActivities>
      <IsQuickCreateEnabled>true</IsQuickCreateEnabled>
      <IsDuplicateDetectionEnabled>true</IsDuplicateDetectionEnabled>
      <IsAuditEnabled>true</IsAuditEnabled>
      <IsRenameable>true</IsRenameable>
      <IsMappable>true</IsMappable>
      <ChangeTrackingEnabled>true</ChangeTrackingEnabled>
    </Entity>
    <attributes>
      <attribute PhysicalName="spaceid" Type="primarykey">
        <Type>primarykey</Type>
        <Name>spaceid</Name>
        <LogicalName>spaceid</LogicalName>
        <RequiredLevel>SystemRequired</RequiredLevel>
        <DisplayMask>ValidForAdvancedFind|RequiredForForm</DisplayMask>
        <IsPrimaryId>true</IsPrimaryId>
        <IsLogical>false</IsLogical>
        <IsSecured>false</IsSecured>
        <IsCustom>false</IsCustom>
        <SourceType>0</SourceType>
      </attribute>
      <attribute PhysicalName="name" Type="nvarchar">
        <Type>nvarchar</Type>
        <Name>name</Name>
        <LogicalName>name</LogicalName>
        <RequiredLevel>ApplicationRequired</RequiredLevel>
        <DisplayMask>ValidForAdvancedFind|RequiredForForm|ValidForGrid</DisplayMask>
        <IsPrimaryName>true</IsPrimaryName>
        <Length>100</Length>
        <IsLogical>false</IsLogical>
        <IsSecured>false</IsSecured>
        <IsCustom>true</IsCustom>
        <SourceType>0</SourceType>
        <LocalizedNames>
          <LocalizedName description="Space Name" languagecode="1033"/>
        </LocalizedNames>
        <Descriptions>
          <Description description="The name of the space" languagecode="1033"/>
        </Descriptions>
      </attribute>
      <attribute PhysicalName="type" Type="picklist">
        <Type>picklist</Type>
        <Name>type</Name>
        <LogicalName>type</LogicalName>
        <RequiredLevel>ApplicationRequired</RequiredLevel>
        <DisplayMask>ValidForAdvancedFind|RequiredForForm|ValidForGrid</DisplayMask>
        <IsLogical>false</IsLogical>
        <IsSecured>false</IsSecured>
        <IsCustom>true</IsCustom>
        <SourceType>0</SourceType>
        <LocalizedNames>
          <LocalizedName description="Type" languagecode="1033"/>
        </LocalizedNames>
        <Descriptions>
          <Description description="Type of space" languagecode="1033"/>
        </Descriptions>
        <OptionSet>
          <Options>
            <Option Value="10000" Label="Warehouse"/>
            <Option Value="10001" Label="Office"/>
            <Option Value="10002" Label="Café"/>
            <Option Value="10003" Label="Game Room"/>
            <Option Value="10004" Label="Gallery"/>
            <Option Value="10005" Label="Rooftop"/>
            <Option Value="10006" Label="Theater"/>
          </Options>
        </OptionSet>
      </attribute>
      <attribute PhysicalName="category" Type="picklist">
        <Type>picklist</Type>
        <Name>category</Name>
        <LogicalName>category</LogicalName>
        <RequiredLevel>None</RequiredLevel>
        <DisplayMask>ValidForAdvancedFind|ValidForForm|ValidForGrid</DisplayMask>
        <IsLogical>false</IsLogical>
        <IsSecured>false</IsSecured>
        <IsCustom>true</IsCustom>
        <SourceType>0</SourceType>
        <LocalizedNames>
          <LocalizedName description="Category" languagecode="1033"/>
        </LocalizedNames>
        <Descriptions>
          <Description description="Category of the space" languagecode="1033"/>
        </Descriptions>
        <OptionSet>
          <Options>
            <Option Value="10007" Label="Indoor"/>
            <Option Value="10008" Label="Outdoor"/>
            <Option Value="10009" Label="Hybrid"/>
          </Options>
        </OptionSet>
      </attribute>
      <attribute PhysicalName="minimumcapacity" Type="int">
        <Type>int</Type>
        <Name>minimumcapacity</Name>
        <LogicalName>minimumcapacity</LogicalName>
        <RequiredLevel>ApplicationRequired</RequiredLevel>
        <DisplayMask>ValidForAdvancedFind|RequiredForForm|ValidForGrid</DisplayMask>
        <MinValue>1</MinValue>
        <MaxValue>10000</MaxValue>
        <IsLogical>false</IsLogical>
        <IsSecured>false</IsSecured>
        <IsCustom>true</IsCustom>
        <SourceType>0</SourceType>
        <LocalizedNames>
          <LocalizedName description="Minimum Capacity" languagecode="1033"/>
        </LocalizedNames>
        <Descriptions>
          <Description description="Minimum number of guests" languagecode="1033"/>
        </Descriptions>
      </attribute>
      <attribute PhysicalName="maximumcapacity" Type="int">
        <Type>int</Type>
        <Name>maximumcapacity</Name>
        <LogicalName>maximumcapacity</LogicalName>
        <RequiredLevel>ApplicationRequired</RequiredLevel>
        <DisplayMask>ValidForAdvancedFind|RequiredForForm|ValidForGrid</DisplayMask>
        <MinValue>1</MinValue>
        <MaxValue>10000</MaxValue>
        <IsLogical>false</IsLogical>
        <IsSecured>false</IsSecured>
        <IsCustom>true</IsCustom>
        <SourceType>0</SourceType>
        <LocalizedNames>
          <LocalizedName description="Maximum Capacity" languagecode="1033"/>
        </LocalizedNames>
        <Descriptions>
          <Description description="Maximum number of guests" languagecode="1033"/>
        </Descriptions>
      </attribute>
      <attribute PhysicalName="dailybookingrate" Type="money">
        <Type>money</Type>
        <Name>dailybookingrate</Name>
        <LogicalName>dailybookingrate</LogicalName>
        <RequiredLevel>ApplicationRequired</RequiredLevel>
        <DisplayMask>ValidForAdvancedFind|RequiredForForm|ValidForGrid</DisplayMask>
        <MinValue>0</MinValue>
        <MaxValue>1000000</MaxValue>
        <Precision>2</Precision>
        <IsLogical>false</IsLogical>
        <IsSecured>false</IsSecured>
        <IsCustom>true</IsCustom>
        <SourceType>0</SourceType>
        <LocalizedNames>
          <LocalizedName description="Daily Booking Rate" languagecode="1033"/>
        </LocalizedNames>
        <Descriptions>
          <Description description="Daily rate for booking this space" languagecode="1033"/>
        </Descriptions>
      </attribute>
      <attribute PhysicalName="pictureurl" Type="nvarchar">
        <Type>nvarchar</Type>
        <Name>pictureurl</Name>
        <LogicalName>pictureurl</LogicalName>
        <RequiredLevel>None</RequiredLevel>
        <DisplayMask>ValidForAdvancedFind|ValidForForm</DisplayMask>
        <Length>500</Length>
        <IsLogical>false</IsLogical>
        <IsSecured>false</IsSecured>
        <IsCustom>true</IsCustom>
        <SourceType>0</SourceType>
        <LocalizedNames>
          <LocalizedName description="Picture URL" languagecode="1033"/>
        </LocalizedNames>
        <Descriptions>
          <Description description="URL of the space picture" languagecode="1033"/>
        </Descriptions>
      </attribute>
      <attribute PhysicalName="marketid" Type="lookup">
        <Type>lookup</Type>
        <Name>marketid</Name>
        <LogicalName>marketid</LogicalName>
        <RequiredLevel>ApplicationRequired</RequiredLevel>
        <DisplayMask>ValidForAdvancedFind|RequiredForForm|ValidForGrid</DisplayMask>
        <IsLogical>false</IsLogical>
        <IsSecured>false</IsSecured>
        <IsCustom>true</IsCustom>
        <SourceType>0</SourceType>
        <Targets>market</Targets>
        <LocalizedNames>
          <LocalizedName description="Market" languagecode="1033"/>
        </LocalizedNames>
        <Descriptions>
          <Description description="The market this space belongs to" languagecode="1033"/>
        </Descriptions>
      </attribute>
      <attribute PhysicalName="predicteddemand" Type="picklist">
        <Type>picklist</Type>
        <Name>predicteddemand</Name>
        <LogicalName>predicteddemand</LogicalName>
        <RequiredLevel>None</RequiredLevel>
        <DisplayMask>ValidForAdvancedFind|ValidForForm|ValidForGrid</DisplayMask>
        <IsLogical>false</IsLogical>
        <IsSecured>false</IsSecured>
        <IsCustom>true</IsCustom>
        <SourceType>0</SourceType>
        <LocalizedNames>
          <LocalizedName description="Predicted Demand" languagecode="1033"/>
        </LocalizedNames>
        <Descriptions>
          <Description description="AI predicted demand level" languagecode="1033"/>
        </Descriptions>
        <OptionSet>
          <Options>
            <Option Value="10010" Label="Low"/>
            <Option Value="10011" Label="Medium"/>
            <Option Value="10012" Label="High"/>
          </Options>
        </OptionSet>
      </attribute>
      <attribute PhysicalName="predictedbookingrate" Type="decimal">
        <Type>decimal</Type>
        <Name>predictedbookingrate</Name>
        <LogicalName>predictedbookingrate</LogicalName>
        <RequiredLevel>None</RequiredLevel>
        <DisplayMask>ValidForAdvancedFind|ValidForForm|ValidForGrid</DisplayMask>
        <MinValue>0</MinValue>
        <MaxValue>100</MaxValue>
        <Precision>2</Precision>
        <IsLogical>false</IsLogical>
        <IsSecured>false</IsSecured>
        <IsCustom>true</IsCustom>
        <SourceType>0</SourceType>
        <LocalizedNames>
          <LocalizedName description="Predicted Booking Rate (%)" languagecode="1033"/>
        </LocalizedNames>
        <Descriptions>
          <Description description="AI predicted booking rate percentage" languagecode="1033"/>
        </Descriptions>
      </attribute>
    </attributes>
    <Entity>
      <Entity>
        <ReferencedEntity>market</ReferencedEntity>
        <ReferencingEntity>space</ReferencingEntity>
        <ReferencedAttribute>marketid</ReferencedAttribute>
        <ReferencingAttribute>marketid</ReferencingAttribute>
        <ReferencedEntityNavigationPropertyName>market_space</ReferencedEntityNavigationPropertyName>
        <ReferencingEntityNavigationPropertyName>marketid</ReferencingEntityNavigationPropertyName>
      </EntityRelationship>
    </EntityRelationships>
  </EntityInfo>
</Entity>
<?xml version="1.0" encoding="utf-8"?>
<Entity>
  <Name LocalizedName="Reservation" OriginalName="Reservation">reservation</Name>
  <Entity>
    <Entity>
      <LocalizedNames>
        <LocalizedName description="Reservation" languagecode="1033"/>
      </LocalizedNames>
      <LocalizedCollectionNames>
        <LocalizedCollectionName description="Reservations" languagecode="1033"/>
      </LocalizedCollectionNames>
      <Descriptions>
        <Description description="Represents a space reservation for an event" languagecode="1033"/>
      </Descriptions>
      <PrimaryIdAttribute>reservationid</PrimaryIdAttribute>
      <PrimaryNameAttribute>name</PrimaryNameAttribute>
      <OwnershipType>UserOwned</OwnershipType>
      <IsActivity>false</IsActivity>
      <IsAvailableOffline>true</IsAvailableOffline>
      <IsBusinessProcessEnabled>true</IsBusinessProcessEnabled>
      <IsMailMergeEnabled>false</IsMailMergeEnabled>
      <IsValidForQueue>true</IsValidForQueue>
      <IsConnectionsEnabled>true</IsConnectionsEnabled>
      <HasNotes>true</HasNotes>
      <HasActivities>true</HasActivities>
      <IsQuickCreateEnabled>true</IsQuickCreateEnabled>
      <IsDuplicateDetectionEnabled>true</IsDuplicateDetectionEnabled>
      <IsAuditEnabled>true</IsAuditEnabled>
      <IsRenameable>true</IsRenameable>
      <IsMappable>true</IsMappable>
      <ChangeTrackingEnabled>true</ChangeTrackingEnabled>
    </Entity>
    <attributes>
      <attribute PhysicalName="reservationid" Type="primarykey">
        <Type>primarykey</Type>
        <Name>reservationid</Name>
        <LogicalName>reservationid</LogicalName>
        <RequiredLevel>SystemRequired</RequiredLevel>
        <DisplayMask>ValidForAdvancedFind|RequiredForForm</DisplayMask>
        <IsPrimaryId>true</IsPrimaryId>
        <IsLogical>false</IsLogical>
        <IsSecured>false</IsSecured>
        <IsCustom>false</IsCustom>
        <SourceType>0</SourceType>
      </attribute>
      <attribute PhysicalName="name" Type="nvarchar">
        <Type>nvarchar</Type>
        <Name>name</Name>
        <LogicalName>name</LogicalName>
        <RequiredLevel>ApplicationRequired</RequiredLevel>
        <DisplayMask>ValidForAdvancedFind|RequiredForForm|ValidForGrid</DisplayMask>
        <IsPrimaryName>true</IsPrimaryName>
        <Length>100</Length>
        <IsLogical>false</IsLogical>
        <IsSecured>false</IsSecured>
        <IsCustom>true</IsCustom>
        <SourceType>0</SourceType>
        <LocalizedNames>
          <LocalizedName description="Reservation Name" languagecode="1033"/>
        </LocalizedNames>
        <Descriptions>
          <Description description="The name/title of the reservation" languagecode="1033"/>
        </Descriptions>
      </attribute>
      <attribute PhysicalName="status" Type="picklist">
        <Type>picklist</Type>
        <Name>status</Name>
        <LogicalName>status</LogicalName>
        <RequiredLevel>ApplicationRequired</RequiredLevel>
        <DisplayMask>ValidForAdvancedFind|RequiredForForm|ValidForGrid</DisplayMask>
        <IsLogical>false</IsLogical>
        <IsSecured>false</IsSecured>
        <IsCustom>true</IsCustom>
        <SourceType>0</SourceType>
        <DefaultValue>10013</DefaultValue>
        <LocalizedNames>
          <LocalizedName description="Status" languagecode="1033"/>
        </LocalizedNames>
        <Descriptions>
          <Description description="Status of the reservation" languagecode="1033"/>
        </Descriptions>
        <OptionSet>
          <Options>
            <Option Value="10013" Label="Draft"/>
            <Option Value="10014" Label="Submitted"/>
            <Option Value="10015" Label="Confirmed"/>
            <Option Value="10016" Label="Cancelled"/>
            <Option Value="10017" Label="Completed"/>
          </Options>
        </OptionSet>
      </attribute>
      <attribute PhysicalName="startdate" Type="datetime">
        <Type>datetime</Type>
        <Name>startdate</Name>
        <LogicalName>startdate</LogicalName>
        <RequiredLevel>ApplicationRequired</RequiredLevel>
        <DisplayMask>ValidForAdvancedFind|RequiredForForm|ValidForGrid</DisplayMask>
        <Format>DateOnly</Format>
        <IsLogical>false</IsLogical>
        <IsSecured>false</IsSecured>
        <IsCustom>true</IsCustom>
        <SourceType>0</SourceType>
        <LocalizedNames>
          <LocalizedName description="Start Date" languagecode="1033"/>
        </LocalizedNames>
        <Descriptions>
          <Description description="Start date of the reservation" languagecode="1033"/>
        </Descriptions>
      </attribute>
      <attribute PhysicalName="enddate" Type="datetime">
        <Type>datetime</Type>
        <Name>enddate</Name>
        <LogicalName>enddate</LogicalName>
        <RequiredLevel>ApplicationRequired</RequiredLevel>
        <DisplayMask>ValidForAdvancedFind|RequiredForForm|ValidForGrid</DisplayMask>
        <Format>DateOnly</Format>
        <IsLogical>false</IsLogical>
        <IsSecured>false</IsSecured>
        <IsCustom>true</IsCustom>
        <SourceType>0</SourceType>
        <LocalizedNames>
          <LocalizedName description="End Date" languagecode="1033"/>
        </LocalizedNames>
        <Descriptions>
          <Description description="End date of the reservation" languagecode="1033"/>
        </Descriptions>
      </attribute>
      <attribute PhysicalName="starttime" Type="nvarchar">
        <Type>nvarchar</Type>
        <Name>starttime</Name>
        <LogicalName>starttime</LogicalName>
        <RequiredLevel>None</RequiredLevel>
        <DisplayMask>ValidForAdvancedFind|ValidForForm|ValidForGrid</DisplayMask>
        <Length>10</Length>
        <IsLogical>false</IsLogical>
        <IsSecured>false</IsSecured>
        <IsCustom>true</IsCustom>
        <SourceType>0</SourceType>
        <LocalizedNames>
          <LocalizedName description="Start Time" languagecode="1033"/>
        </LocalizedNames>
        <Descriptions>
          <Description description="Start time of the reservation" languagecode="1033"/>
        </Descriptions>
      </attribute>
      <attribute PhysicalName="endtime" Type="nvarchar">
        <Type>nvarchar</Type>
        <Name>endtime</Name>
        <LogicalName>endtime</LogicalName>
        <RequiredLevel>None</RequiredLevel>
        <DisplayMask>ValidForAdvancedFind|ValidForForm|ValidForGrid</DisplayMask>
        <Length>10</Length>
        <IsLogical>false</IsLogical>
        <IsSecured>false</IsSecured>
        <IsCustom>true</IsCustom>
        <SourceType>0</SourceType>
        <LocalizedNames>
          <LocalizedName description="End Time" languagecode="1033"/>
        </LocalizedNames>
        <Descriptions>
          <Description description="End time of the reservation" languagecode="1033"/>
        </Descriptions>
      </attribute>
      <attribute PhysicalName="totalnumberofguests" Type="int">
        <Type>int</Type>
        <Name>totalnumberofguests</Name>
        <LogicalName>totalnumberofguests</LogicalName>
        <RequiredLevel>ApplicationRequired</RequiredLevel>
        <DisplayMask>ValidForAdvancedFind|RequiredForForm|ValidForGrid</DisplayMask>
        <MinValue>1</MinValue>
        <MaxValue>10000</MaxValue>
        <IsLogical>false</IsLogical>
        <IsSecured>false</IsSecured>
        <IsCustom>true</IsCustom>
        <SourceType>0</SourceType>
        <LocalizedNames>
          <LocalizedName description="Total Number of Guests" languagecode="1033"/>
        </LocalizedNames>
        <Descriptions>
          <Description description="Total number of guests for the reservation" languagecode="1033"/>
        </Descriptions>
      </attribute>
      <attribute PhysicalName="spaceid" Type="lookup">
        <Type>lookup</Type>
        <Name>spaceid</Name>
        <LogicalName>spaceid</LogicalName>
        <RequiredLevel>ApplicationRequired</RequiredLevel>
        <DisplayMask>ValidForAdvancedFind|RequiredForForm|ValidForGrid</DisplayMask>
        <IsLogical>false</IsLogical>
        <IsSecured>false</IsSecured>
        <IsCustom>true</IsCustom>
        <SourceType>0</SourceType>
        <Targets>space</Targets>
        <LocalizedNames>
          <LocalizedName description="Space" languagecode="1033"/>
        </LocalizedNames>
        <Descriptions>
          <Description description="The space being reserved" languagecode="1033"/>
        </Descriptions>
      </attribute>
      <attribute PhysicalName="marketid" Type="lookup">
        <Type>lookup</Type>
        <Name>marketid</Name>
        <LogicalName>marketid</LogicalName>
        <RequiredLevel>None</RequiredLevel>
        <DisplayMask>ValidForAdvancedFind|ValidForForm|ValidForGrid</DisplayMask>
        <IsLogical>false</IsLogical>
        <IsSecured>false</IsSecured>
        <IsCustom>true</IsCustom>
        <SourceType>0</SourceType>
        <Targets>market</Targets>
        <LocalizedNames>
          <LocalizedName description="Market" languagecode="1033"/>
        </LocalizedNames>
        <Descriptions>
          <Description description="The market for this reservation" languagecode="1033"/>
        </Descriptions>
      </attribute>
      <attribute PhysicalName="contactid" Type="lookup">
        <Type>lookup</Type>
        <Name>contactid</Name>
        <LogicalName>contactid</LogicalName>
        <RequiredLevel>None</RequiredLevel>
        <DisplayMask>ValidForAdvancedFind|RequiredForForm|ValidForGrid</DisplayMask>
        <IsLogical>false</IsLogical>
        <IsSecured>false</IsSecured>
        <IsCustom>true</IsCustom>
        <SourceType>0</SourceType>
        <Targets>contact</Targets>
        <LocalizedNames>
          <LocalizedName description="Contact" languagecode="1033"/>
        </LocalizedNames>
        <Descriptions>
          <Description description="The contact making the reservation" languagecode="1033"/>
        </Descriptions>
      </attribute>
      <attribute PhysicalName="leadid" Type="lookup">
        <Type>lookup</Type>
        <Name>leadid</Name>
        <LogicalName>leadid</LogicalName>
        <RequiredLevel>None</RequiredLevel>
        <DisplayMask>ValidForAdvancedFind|ValidForForm|ValidForGrid</DisplayMask>
        <IsLogical>false</IsLogical>
        <IsSecured>false</IsSecured>
        <IsCustom>true</IsCustom>
        <SourceType>0</SourceType>
        <Targets>lead</Targets>
        <LocalizedNames>
          <LocalizedName description="Lead" languagecode="1033"/>
        </LocalizedNames>
        <Descriptions>
          <Description description="The lead making the reservation" languagecode="1033"/>
        </Descriptions>
      </attribute>
      <attribute PhysicalName="accountid" Type="lookup">
        <Type>lookup</Type>
        <Name>accountid</Name>
        <LogicalName>accountid</LogicalName>
        <RequiredLevel>None</RequiredLevel>
        <DisplayMask>ValidForAdvancedFind|ValidForForm|ValidForGrid</DisplayMask>
        <IsLogical>false</IsLogical>
        <IsSecured>false</IsSecured>
        <IsCustom>true</IsCustom>
        <SourceType>0</SourceType>
        <Targets>account</Targets>
        <LocalizedNames>
          <LocalizedName description="Account" languagecode="1033"/>
        </LocalizedNames>
        <Descriptions>
          <Description description="The account associated with the reservation" languagecode="1033"/>
        </Descriptions>
      </attribute>
    </attributes>
    <Entity>
      <Entity>
        <ReferencedEntity>space</ReferencedEntity>
        <ReferencingEntity>reservation</ReferencingEntity>
        <ReferencedAttribute>spaceid</ReferencedAttribute>
        <ReferencingAttribute>spaceid</ReferencingAttribute>
        <ReferencedEntityNavigationPropertyName>space_reservation</ReferencedEntityNavigationPropertyName>
        <ReferencingEntityNavigationPropertyName>spaceid</ReferencingEntityNavigationPropertyName>
      </EntityRelationship>
      <Entity>
        <ReferencedEntity>market</ReferencedEntity>
        <ReferencingEntity>reservation</ReferencingEntity>
        <ReferencedAttribute>marketid</ReferencedAttribute>
        <ReferencingAttribute>marketid</ReferencingAttribute>
        <ReferencedEntityNavigationPropertyName>market_reservation</ReferencedEntityNavigationPropertyName>
        <ReferencingEntityNavigationPropertyName>marketid</ReferencingEntityNavigationPropertyName>
      </EntityRelationship>
    </EntityRelationships>
  </EntityInfo>
</Entity>  </Entities>
  <Roles />
  <Workflows />
  <FieldSecurityProfiles />
  <Templates />
  <EntityMaps />
  <EntityRelationships />
  <OrganizationSettings />
  <optionsets />
  <CustomControls />
  <SolutionPluginAssemblies />
  <EntityDataProviders />
  <ServiceEndpoints />
  <PluginTypes />
  <SdkMessageProcessingSteps />
  <SdkMessageProcessingStepImages />
  <WebResources />
</ImportExportXml>