﻿<?xml version="1.0" encoding="utf-8"?>
<ImportExportXml version="9.2.24081.10375" SolutionPackageVersion="9.2" languagecode="1033" generatedBy="CrmLive" xmlns:xsi="http://www.w3.org/2001/XMLSchema-instance">
  <Entities>
    <Entity>
      <Name LocalizedName="Market" OriginalName="Market">es_market</Name>
      <EntityInfo>
        <entity Name="es_market">
          <HasRelationshipsWithNoCascadeDelete>1</HasRelationshipsWithNoCascadeDelete>
          <IsIntersect>0</IsIntersect>
          <IsManaged>0</IsManaged>
          <IsCustomizable>1</IsCustomizable>
          <IsCustomEntity>1</IsCustomEntity>
          <IsValidForAdvancedFind>1</IsValidForAdvancedFind>
          <IsAIREnabled>0</IsAIREnabled>
          <IsAuditEnabled>0</IsAuditEnabled>
          <IsBusinessProcessEnabled>0</IsBusinessProcessEnabled>
          <IsActivityEntity>0</IsActivityEntity>
          <IsAvailableOffline>0</IsAvailableOffline>
          <IsDuplicateDetectionEnabled>0</IsDuplicateDetectionEnabled>
          <IsMailMergeEnabled>0</IsMailMergeEnabled>
          <IsConnectionsEnabled>0</IsConnectionsEnabled>
          <IsMapiPrivate>0</IsMapiPrivate>
          <IsDocumentManagementEnabled>0</IsDocumentManagementEnabled>
          <IsOneNoteIntegrationEnabled>0</IsOneNoteIntegrationEnabled>
          <IsKnowledgeManagementEnabled>0</IsKnowledgeManagementEnabled>
          <IsSLAEnabled>0</IsSLAEnabled>
          <IsBPFEntity>0</IsBPFEntity>
          <IsDocumentRecommendationsEnabled>0</IsDocumentRecommendationsEnabled>
          <IsMSTeamsIntegrationEnabled>0</IsMSTeamsIntegrationEnabled>
          <OwnershipTypeMask>UserOwned</OwnershipTypeMask>
          <EntityColor>#27ae60</EntityColor>
          <EntitySetName>es_markets</EntitySetName>
          <ChangeTrackingEnabled>0</ChangeTrackingEnabled>
          <IsEnabledForExternalChannels>0</IsEnabledForExternalChannels>
          <IsPrivate>0</IsPrivate>
          <UsesBusinessDataLabelTable>0</UsesBusinessDataLabelTable>
          <IsLogicalEntity>0</IsLogicalEntity>
          <HasNotes>0</HasNotes>
          <HasActivities>0</HasActivities>
          <HasFeedback>0</HasFeedback>
          <LocalizedNames>
            <LocalizedName languagecode="1033" description="Market"/>
          </LocalizedNames>
          <LocalizedCollectionNames>
            <LocalizedCollectionName languagecode="1033" description="Markets"/>
          </LocalizedCollectionNames>
          <Descriptions>
            <Description languagecode="1033" description="Geographic market for event spaces"/>
          </Descriptions>
          <PrimaryIdAttribute>es_marketid</PrimaryIdAttribute>
          <PrimaryNameAttribute>es_name</PrimaryNameAttribute>
          <attributes>
            <attribute PhysicalName="es_marketid">
              <Type>primarykey</Type>
              <Name>es_marketid</Name>
              <LogicalName>es_marketid</LogicalName>
              <IsPrimaryId>1</IsPrimaryId>
              <IsPrimaryName>0</IsPrimaryName>
              <IsCustomField>0</IsCustomField>
              <IsAuditEnabled>0</IsAuditEnabled>
              <IsSecured>0</IsSecured>
              <IsManaged>0</IsManaged>
              <IsCustomizable>0</IsCustomizable>
              <IsValidForCreate>1</IsValidForCreate>
              <IsValidForRead>1</IsValidForRead>
              <IsValidForUpdate>0</IsValidForUpdate>
              <IsValidForAdvancedFind>0</IsValidForAdvancedFind>
              <CanBeSecuredForCreate>0</CanBeSecuredForCreate>
              <CanBeSecuredForRead>0</CanBeSecuredForRead>
              <CanBeSecuredForUpdate>0</CanBeSecuredForUpdate>
              <IsSystemManaged>1</IsSystemManaged>
              <IntroducedVersion>1.0.0.0</IntroducedVersion>
              <SourceType>0</SourceType>
              <displaynames>
                <displayname languagecode="1033" description="Market"/>
              </displaynames>
            </attribute>
            <attribute PhysicalName="es_name">
              <Type>nvarchar</Type>
              <Name>es_name</Name>
              <LogicalName>es_name</LogicalName>
              <IsPrimaryId>0</IsPrimaryId>
              <IsPrimaryName>1</IsPrimaryName>
              <Length>100</Length>
              <IsCustomField>0</IsCustomField>
              <IsAuditEnabled>0</IsAuditEnabled>
              <IsSecured>0</IsSecured>
              <IsManaged>0</IsManaged>
              <IsCustomizable>1</IsCustomizable>
              <IsRenameable>1</IsRenameable>
              <IsValidForCreate>1</IsValidForCreate>
              <IsValidForRead>1</IsValidForRead>
              <IsValidForUpdate>1</IsValidForUpdate>
              <IsValidForAdvancedFind>1</IsValidForAdvancedFind>
              <CanBeSecuredForCreate>0</CanBeSecuredForCreate>
              <CanBeSecuredForRead>0</CanBeSecuredForRead>
              <CanBeSecuredForUpdate>0</CanBeSecuredForUpdate>
              <IsSystemManaged>1</IsSystemManaged>
              <IntroducedVersion>1.0.0.0</IntroducedVersion>
              <SourceType>0</SourceType>
              <RequiredLevel>ApplicationRequired</RequiredLevel>
              <displaynames>
                <displayname languagecode="1033" description="Market Name"/>
              </displaynames>
            </attribute>
          </attributes>
        </entity>
      </EntityInfo>
    </Entity>
    <Entity>
      <Name LocalizedName="Space" OriginalName="Space">es_space</Name>
      <EntityInfo>
        <entity Name="es_space">
          <HasRelationshipsWithNoCascadeDelete>1</HasRelationshipsWithNoCascadeDelete>
          <IsIntersect>0</IsIntersect>
          <IsManaged>0</IsManaged>
          <IsCustomizable>1</IsCustomizable>
          <IsCustomEntity>1</IsCustomEntity>
          <IsValidForAdvancedFind>1</IsValidForAdvancedFind>
          <IsAIREnabled>0</IsAIREnabled>
          <IsAuditEnabled>0</IsAuditEnabled>
          <IsBusinessProcessEnabled>0</IsBusinessProcessEnabled>
          <IsActivityEntity>0</IsActivityEntity>
          <IsAvailableOffline>0</IsAvailableOffline>
          <IsDuplicateDetectionEnabled>0</IsDuplicateDetectionEnabled>
          <IsMailMergeEnabled>0</IsMailMergeEnabled>
          <IsConnectionsEnabled>0</IsConnectionsEnabled>
          <IsMapiPrivate>0</IsMapiPrivate>
          <IsDocumentManagementEnabled>0</IsDocumentManagementEnabled>
          <IsOneNoteIntegrationEnabled>0</IsOneNoteIntegrationEnabled>
          <IsKnowledgeManagementEnabled>0</IsKnowledgeManagementEnabled>
          <IsSLAEnabled>0</IsSLAEnabled>
          <IsBPFEntity>0</IsBPFEntity>
          <IsDocumentRecommendationsEnabled>0</IsDocumentRecommendationsEnabled>
          <IsMSTeamsIntegrationEnabled>0</IsMSTeamsIntegrationEnabled>
          <OwnershipTypeMask>UserOwned</OwnershipTypeMask>
          <EntityColor>#3498db</EntityColor>
          <EntitySetName>es_spaces</EntitySetName>
          <ChangeTrackingEnabled>0</ChangeTrackingEnabled>
          <IsEnabledForExternalChannels>0</IsEnabledForExternalChannels>
          <IsPrivate>0</IsPrivate>
          <UsesBusinessDataLabelTable>0</UsesBusinessDataLabelTable>
          <IsLogicalEntity>0</IsLogicalEntity>
          <HasNotes>0</HasNotes>
          <HasActivities>0</HasActivities>
          <HasFeedback>0</HasFeedback>
          <LocalizedNames>
            <LocalizedName languagecode="1033" description="Space"/>
          </LocalizedNames>
          <LocalizedCollectionNames>
            <LocalizedCollectionName languagecode="1033" description="Spaces"/>
          </LocalizedCollectionNames>
          <Descriptions>
            <Description languagecode="1033" description="Event space available for reservation"/>
          </Descriptions>
          <PrimaryIdAttribute>es_spaceid</PrimaryIdAttribute>
          <PrimaryNameAttribute>es_name</PrimaryNameAttribute>
          <attributes>
            <attribute PhysicalName="es_spaceid">
              <Type>primarykey</Type>
              <Name>es_spaceid</Name>
              <LogicalName>es_spaceid</LogicalName>
              <IsPrimaryId>1</IsPrimaryId>
              <IsPrimaryName>0</IsPrimaryName>
              <IsCustomField>0</IsCustomField>
              <IsAuditEnabled>0</IsAuditEnabled>
              <IsSecured>0</IsSecured>
              <IsManaged>0</IsManaged>
              <IsCustomizable>0</IsCustomizable>
              <IsValidForCreate>1</IsValidForCreate>
              <IsValidForRead>1</IsValidForRead>
              <IsValidForUpdate>0</IsValidForUpdate>
              <IsValidForAdvancedFind>0</IsValidForAdvancedFind>
              <CanBeSecuredForCreate>0</CanBeSecuredForCreate>
              <CanBeSecuredForRead>0</CanBeSecuredForRead>
              <CanBeSecuredForUpdate>0</CanBeSecuredForUpdate>
              <IsSystemManaged>1</IsSystemManaged>
              <IntroducedVersion>1.0.0.0</IntroducedVersion>
              <SourceType>0</SourceType>
              <displaynames>
                <displayname languagecode="1033" description="Space"/>
              </displaynames>
            </attribute>
            <attribute PhysicalName="es_name">
              <Type>nvarchar</Type>
              <Name>es_name</Name>
              <LogicalName>es_name</LogicalName>
              <IsPrimaryId>0</IsPrimaryId>
              <IsPrimaryName>1</IsPrimaryName>
              <Length>100</Length>
              <IsCustomField>0</IsCustomField>
              <IsAuditEnabled>0</IsAuditEnabled>
              <IsSecured>0</IsSecured>
              <IsManaged>0</IsManaged>
              <IsCustomizable>1</IsCustomizable>
              <IsRenameable>1</IsRenameable>
              <IsValidForCreate>1</IsValidForCreate>
              <IsValidForRead>1</IsValidForRead>
              <IsValidForUpdate>1</IsValidForUpdate>
              <IsValidForAdvancedFind>1</IsValidForAdvancedFind>
              <CanBeSecuredForCreate>0</CanBeSecuredForCreate>
              <CanBeSecuredForRead>0</CanBeSecuredForRead>
              <CanBeSecuredForUpdate>0</CanBeSecuredForUpdate>
              <IsSystemManaged>1</IsSystemManaged>
              <IntroducedVersion>1.0.0.0</IntroducedVersion>
              <SourceType>0</SourceType>
              <RequiredLevel>ApplicationRequired</RequiredLevel>
              <displaynames>
                <displayname languagecode="1033" description="Space Name"/>
              </displaynames>
            </attribute>
          </attributes>
        </entity>
      </EntityInfo>
    </Entity>
    <Entity>
      <Name LocalizedName="Reservation" OriginalName="Reservation">es_reservation</Name>
      <EntityInfo>
        <entity Name="es_reservation">
          <HasRelationshipsWithNoCascadeDelete>1</HasRelationshipsWithNoCascadeDelete>
          <IsIntersect>0</IsIntersect>
          <IsManaged>0</IsManaged>
          <IsCustomizable>1</IsCustomizable>
          <IsCustomEntity>1</IsCustomEntity>
          <IsValidForAdvancedFind>1</IsValidForAdvancedFind>
          <IsAIREnabled>0</IsAIREnabled>
          <IsAuditEnabled>0</IsAuditEnabled>
          <IsBusinessProcessEnabled>0</IsBusinessProcessEnabled>
          <IsActivityEntity>0</IsActivityEntity>
          <IsAvailableOffline>0</IsAvailableOffline>
          <IsDuplicateDetectionEnabled>0</IsDuplicateDetectionEnabled>
          <IsMailMergeEnabled>0</IsMailMergeEnabled>
          <IsConnectionsEnabled>0</IsConnectionsEnabled>
          <IsMapiPrivate>0</IsMapiPrivate>
          <IsDocumentManagementEnabled>0</IsDocumentManagementEnabled>
          <IsOneNoteIntegrationEnabled>0</IsOneNoteIntegrationEnabled>
          <IsKnowledgeManagementEnabled>0</IsKnowledgeManagementEnabled>
          <IsSLAEnabled>0</IsSLAEnabled>
          <IsBPFEntity>0</IsBPFEntity>
          <IsDocumentRecommendationsEnabled>0</IsDocumentRecommendationsEnabled>
          <IsMSTeamsIntegrationEnabled>0</IsMSTeamsIntegrationEnabled>
          <OwnershipTypeMask>UserOwned</OwnershipTypeMask>
          <EntityColor>#e74c3c</EntityColor>
          <EntitySetName>es_reservations</EntitySetName>
          <ChangeTrackingEnabled>0</ChangeTrackingEnabled>
          <IsEnabledForExternalChannels>0</IsEnabledForExternalChannels>
          <IsPrivate>0</IsPrivate>
          <UsesBusinessDataLabelTable>0</UsesBusinessDataLabelTable>
          <IsLogicalEntity>0</IsLogicalEntity>
          <HasNotes>0</HasNotes>
          <HasActivities>0</HasActivities>
          <HasFeedback>0</HasFeedback>
          <LocalizedNames>
            <LocalizedName languagecode="1033" description="Reservation"/>
          </LocalizedNames>
          <LocalizedCollectionNames>
            <LocalizedCollectionName languagecode="1033" description="Reservations"/>
          </LocalizedCollectionNames>
          <Descriptions>
            <Description languagecode="1033" description="Space reservation record"/>
          </Descriptions>
          <PrimaryIdAttribute>es_reservationid</PrimaryIdAttribute>
          <PrimaryNameAttribute>es_name</PrimaryNameAttribute>
          <attributes>
            <attribute PhysicalName="es_reservationid">
              <Type>primarykey</Type>
              <Name>es_reservationid</Name>
              <LogicalName>es_reservationid</LogicalName>
              <IsPrimaryId>1</IsPrimaryId>
              <IsPrimaryName>0</IsPrimaryName>
              <IsCustomField>0</IsCustomField>
              <IsAuditEnabled>0</IsAuditEnabled>
              <IsSecured>0</IsSecured>
              <IsManaged>0</IsManaged>
              <IsCustomizable>0</IsCustomizable>
              <IsValidForCreate>1</IsValidForCreate>
              <IsValidForRead>1</IsValidForRead>
              <IsValidForUpdate>0</IsValidForUpdate>
              <IsValidForAdvancedFind>0</IsValidForAdvancedFind>
              <CanBeSecuredForCreate>0</CanBeSecuredForCreate>
              <CanBeSecuredForRead>0</CanBeSecuredForRead>
              <CanBeSecuredForUpdate>0</CanBeSecuredForUpdate>
              <IsSystemManaged>1</IsSystemManaged>
              <IntroducedVersion>1.0.0.0</IntroducedVersion>
              <SourceType>0</SourceType>
              <displaynames>
                <displayname languagecode="1033" description="Reservation"/>
              </displaynames>
            </attribute>
            <attribute PhysicalName="es_name">
              <Type>nvarchar</Type>
              <Name>es_name</Name>
              <LogicalName>es_name</LogicalName>
              <IsPrimaryId>0</IsPrimaryId>
              <IsPrimaryName>1</IsPrimaryName>
              <Length>100</Length>
              <IsCustomField>0</IsCustomField>
              <IsAuditEnabled>0</IsAuditEnabled>
              <IsSecured>0</IsSecured>
              <IsManaged>0</IsManaged>
              <IsCustomizable>1</IsCustomizable>
              <IsRenameable>1</IsRenameable>
              <IsValidForCreate>1</IsValidForCreate>
              <IsValidForRead>1</IsValidForRead>
              <IsValidForUpdate>1</IsValidForUpdate>
              <IsValidForAdvancedFind>1</IsValidForAdvancedFind>
              <CanBeSecuredForCreate>0</CanBeSecuredForCreate>
              <CanBeSecuredForRead>0</CanBeSecuredForRead>
              <CanBeSecuredForUpdate>0</CanBeSecuredForUpdate>
              <IsSystemManaged>1</IsSystemManaged>
              <IntroducedVersion>1.0.0.0</IntroducedVersion>
              <SourceType>0</SourceType>
              <RequiredLevel>ApplicationRequired</RequiredLevel>
              <displaynames>
                <displayname languagecode="1033" description="Reservation Name"/>
              </displaynames>
            </attribute>
          </attributes>
        </entity>
      </EntityInfo>
    </Entity>
  </Entities>
  <Roles />
  <Workflows />
  <FieldSecurityProfiles />
  <Templates />
  <EntityMaps />
  <EntityRelationships />
  <OrganizationSettings />
  <optionsets />
  <CustomControls />
  <SolutionPluginAssemblies />
  <EntityDataProviders />
  <ServiceEndpoints />
  <PluginTypes />
  <SdkMessageProcessingSteps />
  <SdkMessageProcessingStepImages />
  <WebResources />
</ImportExportXml>