<?xml version="1.0" encoding="utf-8"?>
<ImportExportXml version="9.1.0.643" SolutionPackageVersion="9.1" languagecode="1033" generatedBy="CrmLive" xmlns:xsi="http://www.w3.org/2001/XMLSchema-instance">
  <SolutionManifest>
    <UniqueName>TestGitHubActions</UniqueName>
    <LocalizedNames>
      <LocalizedName description="Test GitHub Actions" languagecode="1033" />
    </LocalizedNames>
    <Descriptions />
    <Version>1.0.0.0</Version>
    <Managed>0</Managed>
    <Publisher>
      <UniqueName>DefaultPublisher</UniqueName>
      <LocalizedNames>
        <LocalizedName description="Default Publisher" languagecode="1033" />
      </LocalizedNames>
      <Descriptions />
      <EMailAddress />
      <SupportingWebsiteUrl />
      <CustomizationPrefix>new</CustomizationPrefix>
      <CustomizationOptionValuePrefix>10000</CustomizationOptionValuePrefix>
      <Addresses>
        <Address>
          <AddressNumber>1</AddressNumber>
          <AddressTypeCode>1</AddressTypeCode>
          <City />
          <County />
          <Country />
          <Fax />
          <FreightTermsCode />
          <ImportSequenceNumber />
          <Latitude />
          <Line1 />
          <Line2 />
          <Line3 />
          <Longitude />
          <Name />
          <PostalCode />
          <PostOfficeBox />
          <PrimaryContactName />
          <ShippingMethodCode>1</ShippingMethodCode>
          <StateOrProvince />
          <Telephone1 />
          <Telephone2 />
          <Telephone3 />
          <TimeZoneRuleVersionNumber />
          <UPSZone />
          <UTCOffset />
          <UTCConversionTimeZoneCode />
        </Address>
        <Address>
          <AddressNumber>2</AddressNumber>
          <AddressTypeCode>1</AddressTypeCode>
          <City />
          <County />
          <Country />
          <Fax />
          <FreightTermsCode />
          <ImportSequenceNumber />
          <Latitude />
          <Line1 />
          <Line2 />
          <Line3 />
          <Longitude />
          <Name />
          <PostalCode />
          <PostOfficeBox />
          <PrimaryContactName />
          <ShippingMethodCode>1</ShippingMethodCode>
          <StateOrProvince />
          <Telephone1 />
          <Telephone2 />
          <Telephone3 />
          <TimeZoneRuleVersionNumber />
          <UPSZone />
          <UTCOffset />
          <UTCConversionTimeZoneCode />
        </Address>
      </Addresses>
    </Publisher>
    <RootComponents />
    <MissingDependencies />
  </SolutionManifest>
</ImportExportXml>
