<ImportExportXml xmlns:xsi="http://www.w3.org/2001/XMLSchema-instance">
  <Entities />
  <Roles />
  <Workflows />
  <FieldSecurityProfiles />
  <Templates />
  <EntityMaps />
  <EntityRelationships />
  <OrganizationSettings />
  <optionsets />
  <CustomControls />
  <EntityDataProviders />
  <AppModules>
    <AppModule>
      <UniqueName>es_easyspacesmgmt</UniqueName>
      <IntroducedVersion>1.0</IntroducedVersion>
      <WebResourceId>00000000-0000-0000-0000-000000000000</WebResourceId>
      <FormFactor>1</FormFactor>
      <ClientType>4</ClientType>
      <NavigationType>0</NavigationType>
      <AppModuleComponents>
        <AppModuleComponent id="{00000000-0000-0000-0000-000000000001}">
          <AppModuleUniqueName>es_easyspacesmgmt</AppModuleUniqueName>
          <ComponentType>1</ComponentType>
          <EntityName>es_market</EntityName>
          <IsDefault>0</IsDefault>
        </AppModuleComponent>
        <AppModuleComponent id="{00000000-0000-0000-0000-000000000002}">
          <AppModuleUniqueName>es_easyspacesmgmt</AppModuleUniqueName>
          <ComponentType>1</ComponentType>
          <EntityName>es_space</EntityName>
          <IsDefault>0</IsDefault>
        </AppModuleComponent>
        <AppModuleComponent id="{00000000-0000-0000-0000-000000000003}">
          <AppModuleUniqueName>es_easyspacesmgmt</AppModuleUniqueName>
          <ComponentType>1</ComponentType>
          <EntityName>es_reservation</EntityName>
          <IsDefault>0</IsDefault>
        </AppModuleComponent>
      </AppModuleComponents>
      <AppModuleRoleMaps>
        <Role id="{627090FF-40A3-4053-8790-584EDC5BE201}" name="System Administrator" />
        <Role id="{119F245C-3CC8-4B62-B31C-D1A046CED15D}" name="System Customizer" />
      </AppModuleRoleMaps>
      <LocalizedNames>
        <LocalizedName description="Easy Spaces Management" languagecode="1033" />
      </LocalizedNames>
      <Descriptions>
        <Description description="Manage markets, spaces, and reservations" languagecode="1033" />
      </Descriptions>
    </AppModule>
  </AppModules>
  <SiteMap>
    <Area id="{00000000-0000-0000-0000-000000000010}" resourceId="SitemapDesigner.NewArea" ordinalvalue="0" showGroups="true" IntroducedVersion="1.0.0.0">
      <Titles>
        <Title LCID="1033" Title="Easy Spaces" />
      </Titles>
      <Group id="{00000000-0000-0000-0000-000000000011}" resourceId="SitemapDesigner.NewGroup" ordinalvalue="0" isprofile="false" ToolTipResourseId="SitemapDesigner.Unknown">
        <Titles>
          <Title LCID="1033" Title="Markets" />
        </Titles>
        <SubArea id="{00000000-0000-0000-0000-000000000012}" resourceId="SitemapDesigner.NewSubArea" ordinalvalue="0" Entity="es_market" GetStartedPanePath="" GetStartedPanePathAdmin="">
          <Titles>
            <Title LCID="1033" Title="Markets" />
          </Titles>
        </SubArea>
      </Group>
      <Group id="{00000000-0000-0000-0000-000000000013}" resourceId="SitemapDesigner.NewGroup" ordinalvalue="1" isprofile="false" ToolTipResourseId="SitemapDesigner.Unknown">
        <Titles>
          <Title LCID="1033" Title="Spaces" />
        </Titles>
        <SubArea id="{00000000-0000-0000-0000-000000000014}" resourceId="SitemapDesigner.NewSubArea" ordinalvalue="0" Entity="es_space" GetStartedPanePath="" GetStartedPanePathAdmin="">
          <Titles>
            <Title LCID="1033" Title="All Spaces" />
          </Titles>
        </SubArea>
        <SubArea id="{00000000-0000-0000-0000-000000000015}" resourceId="SitemapDesigner.NewSubArea" ordinalvalue="1" Entity="es_space" GetStartedPanePath="" GetStartedPanePathAdmin="">
          <Titles>
            <Title LCID="1033" Title="Available Spaces" />
          </Titles>
        </SubArea>
      </Group>
      <Group id="{00000000-0000-0000-0000-000000000016}" resourceId="SitemapDesigner.NewGroup" ordinalvalue="2" isprofile="false" ToolTipResourseId="SitemapDesigner.Unknown">
        <Titles>
          <Title LCID="1033" Title="Reservations" />
        </Titles>
        <SubArea id="{00000000-0000-0000-0000-000000000017}" resourceId="SitemapDesigner.NewSubArea" ordinalvalue="0" Entity="es_reservation" GetStartedPanePath="" GetStartedPanePathAdmin="">
          <Titles>
            <Title LCID="1033" Title="All Reservations" />
          </Titles>
        </SubArea>
        <SubArea id="{00000000-0000-0000-0000-000000000018}" resourceId="SitemapDesigner.NewSubArea" ordinalvalue="1" Entity="es_reservation" GetStartedPanePath="" GetStartedPanePathAdmin="">
          <Titles>
            <Title LCID="1033" Title="Today's Reservations" />
          </Titles>
        </SubArea>
        <SubArea id="{00000000-0000-0000-0000-000000000019}" resourceId="SitemapDesigner.NewSubArea" ordinalvalue="2" Entity="es_reservation" GetStartedPanePath="" GetStartedPanePathAdmin="">
          <Titles>
            <Title LCID="1033" Title="Upcoming Reservations" />
          </Titles>
        </SubArea>
      </Group>
    </Area>
  </SiteMap>
  <connectionreferences />
  <Dashboards />
  <InteractionCentricDashboards />
  <SolutionPluginAssemblies />
  <EntityDataProviders />
  <CanvasApps />
</ImportExportXml>
