<ImportExportXml xmlns:xsi="http://www.w3.org/2001/XMLSchema-instance">
  <Entities />
  <Roles />
  <Workflows>
    <Workflow WorkflowId="{00000000-0000-0000-0000-000000000100}" Name="Send Reservation Confirmation">
      <Description>Sends email confirmation when reservation is created</Description>
      <PrimaryEntity>es_reservation</PrimaryEntity>
      <TriggerOnCreate>1</TriggerOnCreate>
      <Mode>0</Mode>
      <Scope>1</Scope>
      <AsyncAutodelete>1</AsyncAutodelete>
      <SyncWorkflowLogOnError>0</SyncWorkflowLogOnError>
      <StateCode>1</StateCode>
      <StatusCode>2</StatusCode>
      <RunAs>1</RunAs>
    </Workflow>
  </Workflows>
  <FieldSecurityProfiles />
  <Templates />
  <EntityMaps />
  <EntityRelationships />
  <OrganizationSettings />
  <optionsets />
  <CustomControls />
  <EntityDataProviders />
  <BusinessRules>
    <BusinessRule>
      <UniqueName>es_validatereservationdates</UniqueName>
      <Name>Validate Reservation Dates</Name>
      <Description>Ensures end date is after start date</Description>
      <PrimaryEntity>es_reservation</PrimaryEntity>
      <Scope>0</Scope>
    </BusinessRule>
    <BusinessRule>
      <UniqueName>es_calculatepricing</UniqueName>
      <Name>Calculate Space Pricing</Name>
      <Description>Auto-calculates weekly rate from daily rate</Description>
      <PrimaryEntity>es_space</PrimaryEntity>
      <Scope>0</Scope>
    </BusinessRule>
  </BusinessRules>
  <WebResources>
    <WebResource>
      <WebResourceId>{00000000-0000-0000-0000-000000000201}</WebResourceId>
      <Name>es_app.js</Name>
      <DisplayName>Easy Spaces Application JavaScript</DisplayName>
      <Description>Main application JavaScript file</Description>
      <WebResourceType>3</WebResourceType>
      <IntroducedVersion>1.0.0.0</IntroducedVersion>
      <IsEnabledForMobileClient>1</IsEnabledForMobileClient>
      <IsAvailableForMobileOffline>1</IsAvailableForMobileOffline>
      <DependencyXml />
      <IsCustomizable>1</IsCustomizable>
      <CanBeDeleted>1</CanBeDeleted>
      <IsManaged>0</IsManaged>
      <IsHidden>0</IsHidden>
      <Content>WebResources/es_app.js</Content>
    </WebResource>
    <WebResource>
      <WebResourceId>{00000000-0000-0000-0000-000000000202}</WebResourceId>
      <Name>es_styles.css</Name>
      <DisplayName>Easy Spaces Styles</DisplayName>
      <Description>Application CSS styles</Description>
      <WebResourceType>2</WebResourceType>
      <IntroducedVersion>1.0.0.0</IntroducedVersion>
      <IsEnabledForMobileClient>1</IsEnabledForMobileClient>
      <IsAvailableForMobileOffline>1</IsAvailableForMobileOffline>
      <DependencyXml />
      <IsCustomizable>1</IsCustomizable>
      <CanBeDeleted>1</CanBeDeleted>
      <IsManaged>0</IsManaged>
      <IsHidden>0</IsHidden>
      <Content>WebResources/es_styles.css</Content>
    </WebResource>
    <WebResource>
      <WebResourceId>{00000000-0000-0000-0000-000000000203}</WebResourceId>
      <Name>es_dashboard.html</Name>
      <DisplayName>Easy Spaces Dashboard</DisplayName>
      <Description>Main dashboard HTML page</Description>
      <WebResourceType>1</WebResourceType>
      <IntroducedVersion>1.0.0.0</IntroducedVersion>
      <IsEnabledForMobileClient>1</IsEnabledForMobileClient>
      <IsAvailableForMobileOffline>0</IsAvailableForMobileOffline>
      <DependencyXml />
      <IsCustomizable>1</IsCustomizable>
      <CanBeDeleted>1</CanBeDeleted>
      <IsManaged>0</IsManaged>
      <IsHidden>0</IsHidden>
      <Content>WebResources/es_dashboard.html</Content>
    </WebResource>
  </WebResources>
  <PluginAssemblies>
    <PluginAssembly>
      <PluginAssemblyId>{00000000-0000-0000-0000-000000000301}</PluginAssemblyId>
      <Name>EasySpaces.Plugins</Name>
      <Culture>neutral</Culture>
      <PublicKeyToken>abcdef0123456789</PublicKeyToken>
      <Version>1.0.0.0</Version>
      <Description>Easy Spaces business logic plugins</Description>
      <CustomizationLevel>1</CustomizationLevel>
      <PluginTypes>
        <PluginType>
          <PluginTypeId>{00000000-0000-0000-0000-000000000302}</PluginTypeId>
          <Name>EasySpaces.Plugins.ReservationPlugin</Name>
          <TypeName>EasySpaces.Plugins.ReservationPlugin</TypeName>
          <Description>Handles reservation business logic</Description>
        </PluginType>
      </PluginTypes>
    </PluginAssembly>
  </PluginAssemblies>
  <connectionreferences />
  <Dashboards>
    <Dashboard>
      <FormId>{00000000-0000-0000-0000-000000000401}</FormId>
      <Name>Easy Spaces Overview</Name>
      <Description>Main overview dashboard</Description>
      <IsDefault>1</IsDefault>
      <FormXml>
        <forms type="dashboard">
          <systemform>
            <formid>{00000000-0000-0000-0000-000000000401}</formid>
            <IntroducedVersion>1.0.0.0</IntroducedVersion>
            <FormPresentation>1</FormPresentation>
            <FormActivationState>1</FormActivationState>
            <form>
              <tabs>
                <tab name="Overview" verticallayout="true">
                  <labels>
                    <label description="Overview" languagecode="1033" />
                  </labels>
                  <columns>
                    <column width="100%">
                      <sections>
                        <section name="Metrics">
                          <labels>
                            <label description="Key Metrics" languagecode="1033" />
                          </labels>
                          <rows>
                            <row>
                              <cell>
                                <control id="webresource_dashboard" classid="{9FDF5F91-88B1-47f4-AD53-C11EFC01A01D}">
                                  <parameters>
                                    <Url>es_dashboard.html</Url>
                                  </parameters>
                                </control>
                              </cell>
                            </row>
                          </rows>
                        </section>
                      </sections>
                    </column>
                  </columns>
                </tab>
              </tabs>
            </form>
          </systemform>
        </forms>
      </FormXml>
    </Dashboard>
  </Dashboards>
  <InteractionCentricDashboards />
  <SolutionPluginAssemblies />
  <EntityDataProviders />
  <CanvasApps />
</ImportExportXml>
