<ImportExportXml version="9.2.25074.250" SolutionPackageVersion="9.2" languagecode="1033" generatedBy="CrmLive" xmlns:xsi="http://www.w3.org/2001/XMLSchema-instance">
  <SolutionManifest>
    <UniqueName>EasySpacesComplete</UniqueName>
    <LocalizedNames>
      <LocalizedName description="Easy Spaces Complete Application" languagecode="1033" />
    </LocalizedNames>
    <Descriptions>
      <Description description="Complete workspace reservation management system" languagecode="1033" />
    </Descriptions>
    <Version>2.0.0.0</Version>
    <Managed>0</Managed>
    <Publisher>
      <UniqueName>EasySpacesPublisher</UniqueName>
      <LocalizedNames>
        <LocalizedName description="Easy Spaces Publisher" languagecode="1033" />
      </LocalizedNames>
      <Descriptions>
        <Description description="Easy Spaces Publisher" languagecode="1033" />
      </Descriptions>
      <EMailAddress>info@easyspaces.com</EMailAddress>
      <SupportingWebsiteUrl>https://www.easyspaces.com</SupportingWebsiteUrl>
      <CustomizationPrefix>es</CustomizationPrefix>
      <CustomizationOptionValuePrefix>48147</CustomizationOptionValuePrefix>
      <Addresses>
        <Address>
          <AddressNumber>1</AddressNumber>
          <AddressTypeCode>1</AddressTypeCode>
          <City>San Francisco</City>
          <County xsi:nil="true"></County>
          <Country>USA</Country>
          <Line1>123 Market Street</Line1>
          <PostalCode>94102</PostalCode>
          <StateOrProvince>CA</StateOrProvince>
          <Telephone1>555-0100</Telephone1>
        </Address>
      </Addresses>
    </Publisher>
    <RootComponents>
      <!-- Entities -->
      <RootComponent type="1" schemaName="es_market" behavior="0" />
      <RootComponent type="1" schemaName="es_space" behavior="0" />
      <RootComponent type="1" schemaName="es_reservation" behavior="0" />
      
      <!-- Web Resources -->
      <RootComponent type="61" schemaName="es_app.js" behavior="0" />
      <RootComponent type="61" schemaName="es_styles.css" behavior="0" />
      <RootComponent type="61" schemaName="es_dashboard.html" behavior="0" />
      
      <!-- Plugin Assembly -->
      <RootComponent type="91" schemaName="EasySpaces.Plugins" behavior="0" />
      
      <!-- Business Rules -->
      <RootComponent type="52" schemaName="es_validatereservationdates" behavior="0" />
      <RootComponent type="52" schemaName="es_calculatepricing" behavior="0" />
      
      <!-- Workflows -->
      <RootComponent type="29" schemaName="es_sendreservationconfirmation" behavior="0" />
      <RootComponent type="29" schemaName="es_notifyspaceowner" behavior="0" />
    </RootComponents>
    <MissingDependencies />
  </SolutionManifest>
</ImportExportXml>
