<?xml version="1.0" encoding="utf-8"?>
<Entity xmlns:xsi="http://www.w3.org/2001/XMLSchema-instance">
  <Name LocalizedName="Market" OriginalName="Market">es_market</Name>
  <EntityInfo>
    <entity Name="es_market">
      <LocalizedNames>
        <LocalizedName description="Market" languagecode="1033" />
      </LocalizedNames>
      <LocalizedCollectionNames>
        <LocalizedCollectionName description="Markets" languagecode="1033" />
      </LocalizedCollectionNames>
      <Descriptions>
        <Description description="Market location for Easy Spaces" languagecode="1033" />
      </Descriptions>
      <attributes>
        <attribute PhysicalName="es_marketid">
          <Type>primarykey</Type>
          <Name>es_marketid</Name>
          <LogicalName>es_marketid</LogicalName>
          <RequiredLevel>systemrequired</RequiredLevel>
          <DisplayMask>ValidForAdvancedFind|ValidForForm|ValidForGrid</DisplayMask>
          <ImeMode>auto</ImeMode>
          <ValidForUpdateApi>0</ValidForUpdateApi>
          <ValidForReadApi>1</ValidForReadApi>
          <ValidForCreateApi>0</ValidForCreateApi>
          <IsCustomField>0</IsCustomField>
          <IsAuditEnabled>0</IsAuditEnabled>
          <IsSecured>0</IsSecured>
          <IntroducedVersion>1.0.0.0</IntroducedVersion>
          <SourceType>0</SourceType>
          <IsLogical>0</IsLogical>
          <IsValidForForm>1</IsValidForForm>
          <IsValidForGrid>1</IsValidForGrid>
          <IsValidForAdvancedFind>1</IsValidForAdvancedFind>
        </attribute>
        <attribute PhysicalName="es_name">
          <Type>nvarchar</Type>
          <Name>es_name</Name>
          <LogicalName>es_name</LogicalName>
          <RequiredLevel>applicationrequired</RequiredLevel>
          <DisplayMask>ValidForAdvancedFind|ValidForForm|ValidForGrid</DisplayMask>
          <ImeMode>auto</ImeMode>
          <ValidForUpdateApi>1</ValidForUpdateApi>
          <ValidForReadApi>1</ValidForReadApi>
          <ValidForCreateApi>1</ValidForCreateApi>
          <IsCustomField>1</IsCustomField>
          <IsAuditEnabled>1</IsAuditEnabled>
          <IsSecured>0</IsSecured>
          <MaxLength>100</MaxLength>
          <IntroducedVersion>1.0.0.0</IntroducedVersion>
          <SourceType>0</SourceType>
          <IsLogical>0</IsLogical>
          <IsValidForForm>1</IsValidForForm>
          <IsValidForGrid>1</IsValidForGrid>
          <IsValidForAdvancedFind>1</IsValidForAdvancedFind>
          <LocalizedNames>
            <LocalizedName description="Market Name" languagecode="1033" />
          </LocalizedNames>
          <Descriptions>
            <Description description="The name of the market" languagecode="1033" />
          </Descriptions>
        </attribute>
        <attribute PhysicalName="es_city">
          <Type>nvarchar</Type>
          <Name>es_city</Name>
          <LogicalName>es_city</LogicalName>
          <RequiredLevel>none</RequiredLevel>
          <DisplayMask>ValidForAdvancedFind|ValidForForm|ValidForGrid</DisplayMask>
          <ImeMode>auto</ImeMode>
          <ValidForUpdateApi>1</ValidForUpdateApi>
          <ValidForReadApi>1</ValidForReadApi>
          <ValidForCreateApi>1</ValidForCreateApi>
          <IsCustomField>1</IsCustomField>
          <IsAuditEnabled>1</IsAuditEnabled>
          <IsSecured>0</IsSecured>
          <MaxLength>100</MaxLength>
          <IntroducedVersion>1.0.0.0</IntroducedVersion>
          <SourceType>0</SourceType>
          <IsLogical>0</IsLogical>
          <IsValidForForm>1</IsValidForForm>
          <IsValidForGrid>1</IsValidForGrid>
          <IsValidForAdvancedFind>1</IsValidForAdvancedFind>
          <LocalizedNames>
            <LocalizedName description="City" languagecode="1033" />
          </LocalizedNames>
          <Descriptions>
            <Description description="The city where the market is located" languagecode="1033" />
          </Descriptions>
        </attribute>
      </attributes>
      <EntitySetName>es_markets</EntitySetName>
      <IsDuplicateCheckSupported>0</IsDuplicateCheckSupported>
      <IsBusinessProcessEnabled>0</IsBusinessProcessEnabled>
      <IsRequiredOffline>0</IsRequiredOffline>
      <IsInteractionCentricEnabled>0</IsInteractionCentricEnabled>
      <IsActivityEntity>0</IsActivityEntity>
      <IsActivityParty>0</IsActivityParty>
      <IsReplicated>0</IsReplicated>
      <IsReplicationUserFiltered>0</IsReplicationUserFiltered>
      <IsMailMergeEnabled>0</IsMailMergeEnabled>
      <IsVisibleInMobile>0</IsVisibleInMobile>
      <IsVisibleInMobileClient>0</IsVisibleInMobileClient>
      <IsMapiGridEnabled>1</IsMapiGridEnabled>
      <IsReadingPaneEnabled>1</IsReadingPaneEnabled>
      <IsEnabledForExternalChannels>0</IsEnabledForExternalChannels>
      <IsSolutionAware>1</IsSolutionAware>
      <HasRelatedNotes>1</HasRelatedNotes>
      <HasRelatedActivities>1</HasRelatedActivities>
      <PrimaryNameAttribute>es_name</PrimaryNameAttribute>
      <PrimaryIdAttribute>es_marketid</PrimaryIdAttribute>
      <OwnershipType>UserOwned</OwnershipType>
      <IntroducedVersion>1.0.0.0</IntroducedVersion>
      <IsCustomEntity>1</IsCustomEntity>
    </entity>
  </EntityInfo>
  <FormXml>
    <forms type="main">
      <systemform>
        <formid>{00000000-0000-0000-0000-000000000001}</formid>
        <IntroducedVersion>1.0.0.0</IntroducedVersion>
        <FormPresentation>1</FormPresentation>
        <FormActivationState>1</FormActivationState>
        <form>
          <tabs>
            <tab name="general" verticallayout="true" id="{00000000-0000-0000-0000-000000000002}" IsUserDefined="1">
              <labels>
                <label description="General" languagecode="1033" />
              </labels>
              <columns>
                <column width="100%">
                  <sections>
                    <section name="general_section" showlabel="false" showbar="false" columns="1" id="{00000000-0000-0000-0000-000000000003}">
                      <rows>
                        <row>
                          <cell id="{00000000-0000-0000-0000-000000000004}">
                            <control id="es_name" classid="{4273EDBD-AC1D-40d3-9FB2-095C621B552D}" datafieldname="es_name" />
                          </cell>
                        </row>
                        <row>
                          <cell id="{00000000-0000-0000-0000-000000000005}">
                            <control id="es_city" classid="{4273EDBD-AC1D-40d3-9FB2-095C621B552D}" datafieldname="es_city" />
                          </cell>
                        </row>
                      </rows>
                    </section>
                  </sections>
                </column>
              </columns>
            </tab>
          </tabs>
        </form>
      </systemform>
    </forms>
  </FormXml>
  <SavedQueries>
    <savedquery>
      <savedqueryid>{00000000-0000-0000-0000-000000000006}</savedqueryid>
      <name>Active Markets</name>
      <querytype>0</querytype>
      <isdefault>1</isdefault>
      <returnedtypecode>10001</returnedtypecode>
      <isquickfindquery>0</isquickfindquery>
      <isprivate>0</isprivate>
      <fetchxml>
        <![CDATA[<fetch version="1.0" mapping="logical">
          <entity name="es_market">
            <attribute name="es_name" />
            <attribute name="es_city" />
            <attribute name="es_marketid" />
            <order attribute="es_name" descending="false" />
            <filter type="and">
              <condition attribute="statecode" operator="eq" value="0" />
            </filter>
          </entity>
        </fetch>]]>
      </fetchxml>
      <IntroducedVersion>1.0.0.0</IntroducedVersion>
      <layoutxml>
        <![CDATA[<grid name="resultset" object="10001" jump="es_name" select="1" icon="1" preview="1">
          <row name="result" id="es_marketid">
            <cell name="es_name" width="300" />
            <cell name="es_city" width="200" />
          </row>
        </grid>]]>
      </layoutxml>
    </savedquery>
  </SavedQueries>
  <isKnowledgeManagementEnabled>0</isKnowledgeManagementEnabled>
  <IntroducedVersion>1.0.0.0</IntroducedVersion>
  <IsCustomizable>1</IsCustomizable>
  <CanCreateAttributes>1</CanCreateAttributes>
  <CanCreateForms>1</CanCreateForms>
  <CanCreateViews>1</CanCreateViews>
  <CanCreateCharts>1</CanCreateCharts>
  <CanModifyAdditionalSettings>1</CanModifyAdditionalSettings>
</Entity>
