<?xml version="1.0" encoding="utf-8"?>
<Entity xmlns:xsi="http://www.w3.org/2001/XMLSchema-instance">
  <Name LocalizedName="Reservation" OriginalName="Reservation">es_reservation</Name>
  <EntityInfo>
    <entity Name="es_reservation">
      <LocalizedNames>
        <LocalizedName description="Reservation" languagecode="1033" />
      </LocalizedNames>
      <LocalizedCollectionNames>
        <LocalizedCollectionName description="Reservations" languagecode="1033" />
      </LocalizedCollectionNames>
      <Descriptions>
        <Description description="Space reservation record" languagecode="1033" />
      </Descriptions>
      <attributes>
        <attribute PhysicalName="es_reservationid">
          <Type>primarykey</Type>
          <Name>es_reservationid</Name>
          <LogicalName>es_reservationid</LogicalName>
          <RequiredLevel>systemrequired</RequiredLevel>
          <DisplayMask>ValidForAdvancedFind|ValidForForm|ValidForGrid</DisplayMask>
          <ImeMode>auto</ImeMode>
          <ValidForUpdateApi>0</ValidForUpdateApi>
          <ValidForReadApi>1</ValidForReadApi>
          <ValidForCreateApi>0</ValidForCreateApi>
          <IsCustomField>0</IsCustomField>
          <IsAuditEnabled>0</IsAuditEnabled>
          <IsSecured>0</IsSecured>
          <IntroducedVersion>1.0.0.0</IntroducedVersion>
          <SourceType>0</SourceType>
          <IsLogical>0</IsLogical>
          <IsValidForForm>1</IsValidForForm>
          <IsValidForGrid>1</IsValidForGrid>
          <IsValidForAdvancedFind>1</IsValidForAdvancedFind>
        </attribute>
        <attribute PhysicalName="es_name">
          <Type>nvarchar</Type>
          <Name>es_name</Name>
          <LogicalName>es_name</LogicalName>
          <RequiredLevel>applicationrequired</RequiredLevel>
          <DisplayMask>ValidForAdvancedFind|ValidForForm|ValidForGrid</DisplayMask>
          <ImeMode>auto</ImeMode>
          <ValidForUpdateApi>1</ValidForUpdateApi>
          <ValidForReadApi>1</ValidForReadApi>
          <ValidForCreateApi>1</ValidForCreateApi>
          <IsCustomField>1</IsCustomField>
          <IsAuditEnabled>1</IsAuditEnabled>
          <IsSecured>0</IsSecured>
          <MaxLength>100</MaxLength>
          <IntroducedVersion>1.0.0.0</IntroducedVersion>
          <SourceType>0</SourceType>
          <IsLogical>0</IsLogical>
          <IsValidForForm>1</IsValidForForm>
          <IsValidForGrid>1</IsValidForGrid>
          <IsValidForAdvancedFind>1</IsValidForAdvancedFind>
          <LocalizedNames>
            <LocalizedName description="Reservation Name" languagecode="1033" />
          </LocalizedNames>
          <Descriptions>
            <Description description="The name of the reservation" languagecode="1033" />
          </Descriptions>
        </attribute>
        <attribute PhysicalName="es_spaceid">
          <Type>lookup</Type>
          <Name>es_spaceid</Name>
          <LogicalName>es_spaceid</LogicalName>
          <RequiredLevel>applicationrequired</RequiredLevel>
          <DisplayMask>ValidForAdvancedFind|ValidForForm|ValidForGrid</DisplayMask>
          <ImeMode>auto</ImeMode>
          <ValidForUpdateApi>1</ValidForUpdateApi>
          <ValidForReadApi>1</ValidForReadApi>
          <ValidForCreateApi>1</ValidForCreateApi>
          <IsCustomField>1</IsCustomField>
          <IsAuditEnabled>1</IsAuditEnabled>
          <IsSecured>0</IsSecured>
          <IntroducedVersion>1.0.0.0</IntroducedVersion>
          <SourceType>0</SourceType>
          <IsLogical>0</IsLogical>
          <IsValidForForm>1</IsValidForForm>
          <IsValidForGrid>1</IsValidForGrid>
          <IsValidForAdvancedFind>1</IsValidForAdvancedFind>
          <Targets>es_space</Targets>
          <LocalizedNames>
            <LocalizedName description="Space" languagecode="1033" />
          </LocalizedNames>
          <Descriptions>
            <Description description="The space being reserved" languagecode="1033" />
          </Descriptions>
        </attribute>
        <attribute PhysicalName="es_startdate">
          <Type>datetime</Type>
          <Name>es_startdate</Name>
          <LogicalName>es_startdate</LogicalName>
          <RequiredLevel>applicationrequired</RequiredLevel>
          <DisplayMask>ValidForAdvancedFind|ValidForForm|ValidForGrid</DisplayMask>
          <ImeMode>auto</ImeMode>
          <ValidForUpdateApi>1</ValidForUpdateApi>
          <ValidForReadApi>1</ValidForReadApi>
          <ValidForCreateApi>1</ValidForCreateApi>
          <IsCustomField>1</IsCustomField>
          <IsAuditEnabled>1</IsAuditEnabled>
          <IsSecured>0</IsSecured>
          <DateTimeBehavior>UserLocal</DateTimeBehavior>
          <Format>DateAndTime</Format>
          <IntroducedVersion>1.0.0.0</IntroducedVersion>
          <SourceType>0</SourceType>
          <IsLogical>0</IsLogical>
          <IsValidForForm>1</IsValidForForm>
          <IsValidForGrid>1</IsValidForGrid>
          <IsValidForAdvancedFind>1</IsValidForAdvancedFind>
          <LocalizedNames>
            <LocalizedName description="Start Date" languagecode="1033" />
          </LocalizedNames>
          <Descriptions>
            <Description description="Start date of the reservation" languagecode="1033" />
          </Descriptions>
        </attribute>
        <attribute PhysicalName="es_enddate">
          <Type>datetime</Type>
          <Name>es_enddate</Name>
          <LogicalName>es_enddate</LogicalName>
          <RequiredLevel>applicationrequired</RequiredLevel>
          <DisplayMask>ValidForAdvancedFind|ValidForForm|ValidForGrid</DisplayMask>
          <ImeMode>auto</ImeMode>
          <ValidForUpdateApi>1</ValidForUpdateApi>
          <ValidForReadApi>1</ValidForReadApi>
          <ValidForCreateApi>1</ValidForCreateApi>
          <IsCustomField>1</IsCustomField>
          <IsAuditEnabled>1</IsAuditEnabled>
          <IsSecured>0</IsSecured>
          <DateTimeBehavior>UserLocal</DateTimeBehavior>
          <Format>DateAndTime</Format>
          <IntroducedVersion>1.0.0.0</IntroducedVersion>
          <SourceType>0</SourceType>
          <IsLogical>0</IsLogical>
          <IsValidForForm>1</IsValidForForm>
          <IsValidForGrid>1</IsValidForGrid>
          <IsValidForAdvancedFind>1</IsValidForAdvancedFind>
          <LocalizedNames>
            <LocalizedName description="End Date" languagecode="1033" />
          </LocalizedNames>
          <Descriptions>
            <Description description="End date of the reservation" languagecode="1033" />
          </Descriptions>
        </attribute>
      </attributes>
      <EntitySetName>es_reservations</EntitySetName>
      <IsDuplicateCheckSupported>0</IsDuplicateCheckSupported>
      <IsBusinessProcessEnabled>0</IsBusinessProcessEnabled>
      <IsRequiredOffline>0</IsRequiredOffline>
      <IsInteractionCentricEnabled>0</IsInteractionCentricEnabled>
      <IsActivityEntity>0</IsActivityEntity>
      <IsActivityParty>0</IsActivityParty>
      <IsReplicated>0</IsReplicated>
      <IsReplicationUserFiltered>0</IsReplicationUserFiltered>
      <IsMailMergeEnabled>0</IsMailMergeEnabled>
      <IsVisibleInMobile>0</IsVisibleInMobile>
      <IsVisibleInMobileClient>0</IsVisibleInMobileClient>
      <IsMapiGridEnabled>1</IsMapiGridEnabled>
      <IsReadingPaneEnabled>1</IsReadingPaneEnabled>
      <IsEnabledForExternalChannels>0</IsEnabledForExternalChannels>
      <IsSolutionAware>1</IsSolutionAware>
      <HasRelatedNotes>1</HasRelatedNotes>
      <HasRelatedActivities>1</HasRelatedActivities>
      <PrimaryNameAttribute>es_name</PrimaryNameAttribute>
      <PrimaryIdAttribute>es_reservationid</PrimaryIdAttribute>
      <OwnershipType>UserOwned</OwnershipType>
      <IntroducedVersion>1.0.0.0</IntroducedVersion>
      <IsCustomEntity>1</IsCustomEntity>
    </entity>
  </EntityInfo>
</Entity>
