<?xml version="1.0" encoding="utf-8"?>
<Entity xmlns:xsi="http://www.w3.org/2001/XMLSchema-instance">
  <Name LocalizedName="Space" OriginalName="Space">es_space</Name>
  <EntityInfo>
    <entity Name="es_space">
      <LocalizedNames>
        <LocalizedName description="Space" languagecode="1033" />
      </LocalizedNames>
      <LocalizedCollectionNames>
        <LocalizedCollectionName description="Spaces" languagecode="1033" />
      </LocalizedCollectionNames>
      <Descriptions>
        <Description description="Event space available for booking" languagecode="1033" />
      </Descriptions>
      <attributes>
        <attribute PhysicalName="es_spaceid">
          <Type>primarykey</Type>
          <Name>es_spaceid</Name>
          <LogicalName>es_spaceid</LogicalName>
          <RequiredLevel>systemrequired</RequiredLevel>
          <DisplayMask>ValidForAdvancedFind|ValidForForm|ValidForGrid</DisplayMask>
          <ImeMode>auto</ImeMode>
          <ValidForUpdateApi>0</ValidForUpdateApi>
          <ValidForReadApi>1</ValidForReadApi>
          <ValidForCreateApi>0</ValidForCreateApi>
          <IsCustomField>0</IsCustomField>
          <IsAuditEnabled>0</IsAuditEnabled>
          <IsSecured>0</IsSecured>
          <IntroducedVersion>1.0.0.0</IntroducedVersion>
          <SourceType>0</SourceType>
          <IsLogical>0</IsLogical>
          <IsValidForForm>1</IsValidForForm>
          <IsValidForGrid>1</IsValidForGrid>
          <IsValidForAdvancedFind>1</IsValidForAdvancedFind>
        </attribute>
        <attribute PhysicalName="es_name">
          <Type>nvarchar</Type>
          <Name>es_name</Name>
          <LogicalName>es_name</LogicalName>
          <RequiredLevel>applicationrequired</RequiredLevel>
          <DisplayMask>ValidForAdvancedFind|ValidForForm|ValidForGrid</DisplayMask>
          <ImeMode>auto</ImeMode>
          <ValidForUpdateApi>1</ValidForUpdateApi>
          <ValidForReadApi>1</ValidForReadApi>
          <ValidForCreateApi>1</ValidForCreateApi>
          <IsCustomField>1</IsCustomField>
          <IsAuditEnabled>1</IsAuditEnabled>
          <IsSecured>0</IsSecured>
          <MaxLength>100</MaxLength>
          <IntroducedVersion>1.0.0.0</IntroducedVersion>
          <SourceType>0</SourceType>
          <IsLogical>0</IsLogical>
          <IsValidForForm>1</IsValidForForm>
          <IsValidForGrid>1</IsValidForGrid>
          <IsValidForAdvancedFind>1</IsValidForAdvancedFind>
          <LocalizedNames>
            <LocalizedName description="Space Name" languagecode="1033" />
          </LocalizedNames>
          <Descriptions>
            <Description description="The name of the space" languagecode="1033" />
          </Descriptions>
        </attribute>
        <attribute PhysicalName="es_capacity">
          <Type>int</Type>
          <Name>es_capacity</Name>
          <LogicalName>es_capacity</LogicalName>
          <RequiredLevel>none</RequiredLevel>
          <DisplayMask>ValidForAdvancedFind|ValidForForm|ValidForGrid</DisplayMask>
          <ImeMode>auto</ImeMode>
          <ValidForUpdateApi>1</ValidForUpdateApi>
          <ValidForReadApi>1</ValidForReadApi>
          <ValidForCreateApi>1</ValidForCreateApi>
          <IsCustomField>1</IsCustomField>
          <IsAuditEnabled>1</IsAuditEnabled>
          <IsSecured>0</IsSecured>
          <MinValue>0</MinValue>
          <MaxValue>10000</MaxValue>
          <IntroducedVersion>1.0.0.0</IntroducedVersion>
          <SourceType>0</SourceType>
          <IsLogical>0</IsLogical>
          <IsValidForForm>1</IsValidForForm>
          <IsValidForGrid>1</IsValidForGrid>
          <IsValidForAdvancedFind>1</IsValidForAdvancedFind>
          <LocalizedNames>
            <LocalizedName description="Capacity" languagecode="1033" />
          </LocalizedNames>
          <Descriptions>
            <Description description="Maximum capacity of the space" languagecode="1033" />
          </Descriptions>
        </attribute>
        <attribute PhysicalName="es_marketid">
          <Type>lookup</Type>
          <Name>es_marketid</Name>
          <LogicalName>es_marketid</LogicalName>
          <RequiredLevel>applicationrequired</RequiredLevel>
          <DisplayMask>ValidForAdvancedFind|ValidForForm|ValidForGrid</DisplayMask>
          <ImeMode>auto</ImeMode>
          <ValidForUpdateApi>1</ValidForUpdateApi>
          <ValidForReadApi>1</ValidForReadApi>
          <ValidForCreateApi>1</ValidForCreateApi>
          <IsCustomField>1</IsCustomField>
          <IsAuditEnabled>1</IsAuditEnabled>
          <IsSecured>0</IsSecured>
          <IntroducedVersion>1.0.0.0</IntroducedVersion>
          <SourceType>0</SourceType>
          <IsLogical>0</IsLogical>
          <IsValidForForm>1</IsValidForForm>
          <IsValidForGrid>1</IsValidForGrid>
          <IsValidForAdvancedFind>1</IsValidForAdvancedFind>
          <Targets>es_market</Targets>
          <LocalizedNames>
            <LocalizedName description="Market" languagecode="1033" />
          </LocalizedNames>
          <Descriptions>
            <Description description="The market this space belongs to" languagecode="1033" />
          </Descriptions>
        </attribute>
      </attributes>
      <EntitySetName>es_spaces</EntitySetName>
      <IsDuplicateCheckSupported>0</IsDuplicateCheckSupported>
      <IsBusinessProcessEnabled>0</IsBusinessProcessEnabled>
      <IsRequiredOffline>0</IsRequiredOffline>
      <IsInteractionCentricEnabled>0</IsInteractionCentricEnabled>
      <IsActivityEntity>0</IsActivityEntity>
      <IsActivityParty>0</IsActivityParty>
      <IsReplicated>0</IsReplicated>
      <IsReplicationUserFiltered>0</IsReplicationUserFiltered>
      <IsMailMergeEnabled>0</IsMailMergeEnabled>
      <IsVisibleInMobile>0</IsVisibleInMobile>
      <IsVisibleInMobileClient>0</IsVisibleInMobileClient>
      <IsMapiGridEnabled>1</IsMapiGridEnabled>
      <IsReadingPaneEnabled>1</IsReadingPaneEnabled>
      <IsEnabledForExternalChannels>0</IsEnabledForExternalChannels>
      <IsSolutionAware>1</IsSolutionAware>
      <HasRelatedNotes>1</HasRelatedNotes>
      <HasRelatedActivities>1</HasRelatedActivities>
      <PrimaryNameAttribute>es_name</PrimaryNameAttribute>
      <PrimaryIdAttribute>es_spaceid</PrimaryIdAttribute>
      <OwnershipType>UserOwned</OwnershipType>
      <IntroducedVersion>1.0.0.0</IntroducedVersion>
      <IsCustomEntity>1</IsCustomEntity>
    </entity>
  </EntityInfo>
</Entity>
