<?xml version="1.0" encoding="utf-8"?>
<ImportExportXml version="9.2.24081.10375" SolutionPackageVersion="9.2" languagecode="1033" generatedBy="CrmLive" xmlns:xsi="http://www.w3.org/2001/XMLSchema-instance">
  <SolutionManifest>
    <UniqueName>EasySpacesSimple</UniqueName>
    <LocalizedNames>
      <LocalizedName description="Easy Spaces Simple" languagecode="1033"/>
    </LocalizedNames>
    <Descriptions>
      <Description description="Simple version of Easy Spaces solution" languagecode="1033"/>
    </Descriptions>
    <Version>1.0.0.0</Version>
    <Managed>0</Managed>
    <Publisher>
      <UniqueName>EasySpacesPublisher</UniqueName>
      <LocalizedNames>
        <LocalizedName description="Easy Spaces Publisher" languagecode="1033"/>
      </LocalizedNames>
      <Descriptions>
        <Description description="Publisher for Easy Spaces solutions" languagecode="1033"/>
      </Descriptions>
      <EMailAddress>admin@easyspaces.com</EMailAddress>
      <SupportingWebsiteUrl>https://easyspaces.com</SupportingWebsiteUrl>
      <CustomizationPrefix>es</CustomizationPrefix>
      <CustomizationOptionValuePrefix>10000</CustomizationOptionValuePrefix>
      <Addresses>
        <Address>
          <AddressNumber>1</AddressNumber>
          <AddressTypeCode>1</AddressTypeCode>
          <City>Seattle</City>
          <County>King</County>
          <Country>USA</Country>
          <PostalCode>98101</PostalCode>
          <StateOrProvince>WA</StateOrProvince>
          <Street1>123 Easy Street</Street1>
        </Address>
      </Addresses>
    </Publisher>
    <RootComponents />
    <MissingDependencies />
  </SolutionManifest>
</ImportExportXml>