<Entity>
  <Name LocalizedName="Market" OriginalName="Market">es_market</Name>
  <EntityInfo>
    <entity Name="es_market">
      <LocalizedNames>
        <LocalizedName description="Market" languagecode="1033" />
      </LocalizedNames>
      <LocalizedCollectionNames>
        <LocalizedCollectionName description="Markets" languagecode="1033" />
      </LocalizedCollectionNames>
      <Descriptions>
        <Description description="Geographic market location" languagecode="1033" />
      </Descriptions>
      <attributes>
        <attribute PhysicalName="es_marketid">
          <Type>primarykey</Type>
          <Name>es_marketid</Name>
          <LogicalName>es_marketid</LogicalName>
          <RequiredLevel>systemrequired</RequiredLevel>
          <DisplayMask>ValidForAdvancedFind|RequiredForForm</DisplayMask>
          <ImeMode>auto</ImeMode>
          <ValidForForm>1</ValidForForm>
          <ValidForGrid>1</ValidForGrid>
        </attribute>
        <attribute PhysicalName="es_name">
          <Type>nvarchar</Type>
          <Name>es_name</Name>
          <LogicalName>es_name</LogicalName>
          <RequiredLevel>required</RequiredLevel>
          <DisplayMask>ValidForAdvancedFind|RequiredForForm|PrimaryName</DisplayMask>
          <ImeMode>auto</ImeMode>
          <ValidForForm>1</ValidForForm>
          <ValidForGrid>1</ValidForGrid>
          <IsPrimaryField>1</IsPrimaryField>
          <Length>100</Length>
        </attribute>
        <attribute PhysicalName="es_city">
          <Type>nvarchar</Type>
          <Name>es_city</Name>
          <LogicalName>es_city</LogicalName>
          <RequiredLevel>required</RequiredLevel>
          <DisplayMask>ValidForAdvancedFind|ValidForForm|ValidForGrid</DisplayMask>
          <ImeMode>auto</ImeMode>
          <ValidForForm>1</ValidForForm>
          <ValidForGrid>1</ValidForGrid>
          <Length>100</Length>
        </attribute>
        <attribute PhysicalName="es_state">
          <Type>nvarchar</Type>
          <Name>es_state</Name>
          <LogicalName>es_state</LogicalName>
          <RequiredLevel>none</RequiredLevel>
          <DisplayMask>ValidForAdvancedFind|ValidForForm|ValidForGrid</DisplayMask>
          <ImeMode>auto</ImeMode>
          <ValidForForm>1</ValidForForm>
          <ValidForGrid>1</ValidForGrid>
          <Length>50</Length>
        </attribute>
      </attributes>
      <EntitySetName>es_markets</EntitySetName>
      <IsBPFEntity>0</IsBPFEntity>
      <IsActivity>0</IsActivity>
      <IsActivityParty>0</IsActivityParty>
      <IsCustomEntity>1</IsCustomEntity>
      <IsConnectionsEnabled>0</IsConnectionsEnabled>
      <IsMailMergeEnabled>0</IsMailMergeEnabled>
      <IsValidForQueue>0</IsValidForQueue>
      <IsValidForCharts>1</IsValidForCharts>
      <IsQuickCreateEnabled>1</IsQuickCreateEnabled>
      <IsBusinessProcessEnabled>0</IsBusinessProcessEnabled>
      <IsAuditEnabled>0</IsAuditEnabled>
      <ChangeTrackingEnabled>0</ChangeTrackingEnabled>
      <IsMobileClient>1</IsMobileClient>
      <IsOfflineInMobileClient>1</IsOfflineInMobileClient>
      <IsReadOnlyInMobileClient>0</IsReadOnlyInMobileClient>
      <IsVisibleInMobile>1</IsVisibleInMobileClient>
      <IsVisibleInMobileClient>1</IsVisibleInMobileClient>
      <IconLargeName />
      <IconMediumName />
      <IconSmallName />
      <IsCustomizable>1</IsCustomizable>
      <IsRenameable>1</IsRenameable>
      <IsMappable>1</IsMappable>
      <IsDuplicateDetectionEnabled>0</IsDuplicateDetectionEnabled>
      <CanCreateAttributes>1</CanCreateAttributes>
      <CanCreateForms>1</CanCreateForms>
      <CanCreateViews>1</CanCreateViews>
      <CanCreateCharts>1</CanCreateCharts>
      <CanBeRelatedEntityInRelationship>1</CanBeRelatedEntityInRelationship>
      <CanBePrimaryEntityInRelationship>1</CanBePrimaryEntityInRelationship>
      <CanBeInManyToMany>1</CanBeInManyToMany>
      <CanEnableSyncToExternalSearchIndex>1</CanEnableSyncToExternalSearchIndex>
      <SyncToExternalSearchIndex>0</SyncToExternalSearchIndex>
      <CanModifyAdditionalSettings>1</CanModifyAdditionalSettings>
      <CanChangeHierarchicalRelationship>1</CanChangeHierarchicalRelationship>
    </entity>
  </EntityInfo>
  <FormXml>
    <forms type="main">
      <systemform>
        <formid>{00000000-0000-0000-0000-000000000020}</formid>
        <IntroducedVersion>1.0</IntroducedVersion>
        <FormPresentation>1</FormPresentation>
        <FormActivationState>1</FormActivationState>
        <form headerdensity="HighWithControls">
          <tabs>
            <tab name="GENERAL_TAB" id="{00000000-0000-0000-0000-000000000021}" IsUserDefined="1" locklevel="0" showlabel="true" expanded="true">
              <labels>
                <label description="General" languagecode="1033" />
              </labels>
              <columns>
                <column width="100%">
                  <sections>
                    <section name="GENERAL_SECTION" showlabel="false" showbar="false" locklevel="0" id="{00000000-0000-0000-0000-000000000022}" IsUserDefined="0" layout="varwidth" columns="1" labelwidth="115" celllabelalignment="Left" celllabelposition="Left">
                      <labels>
                        <label description="General" languagecode="1033" />
                      </labels>
                      <rows>
                        <row>
                          <cell id="{00000000-0000-0000-0000-000000000023}" showlabel="true" locklevel="0">
                            <labels>
                              <label description="Name" languagecode="1033" />
                            </labels>
                            <control id="es_name" classid="{4273EDBD-AC1D-40D3-9FB2-095C621B552D}" datafieldname="es_name" />
                          </cell>
                        </row>
                        <row>
                          <cell id="{00000000-0000-0000-0000-000000000024}" showlabel="true" locklevel="0">
                            <labels>
                              <label description="City" languagecode="1033" />
                            </labels>
                            <control id="es_city" classid="{4273EDBD-AC1D-40D3-9FB2-095C621B552D}" datafieldname="es_city" />
                          </cell>
                        </row>
                        <row>
                          <cell id="{00000000-0000-0000-0000-000000000025}" showlabel="true" locklevel="0">
                            <labels>
                              <label description="State" languagecode="1033" />
                            </labels>
                            <control id="es_state" classid="{4273EDBD-AC1D-40D3-9FB2-095C621B552D}" datafieldname="es_state" />
                          </cell>
                        </row>
                      </rows>
                    </section>
                  </sections>
                </column>
              </columns>
            </tab>
          </tabs>
        </form>
      </systemform>
    </forms>
  </FormXml>
  <SavedQueries>
    <savedqueries>
      <savedquery>
        <savedqueryid>{00000000-0000-0000-0000-000000000030}</savedqueryid>
        <name>Active Markets</name>
        <description>All active market records</description>
        <querytype>0</querytype>
        <statecode>0</statecode>
        <statuscode>1</statuscode>
        <returnedtypecode>10001</returnedtypecode>
        <fetchxml>
          <fetch version="1.0" mapping="logical">
            <entity name="es_market">
              <attribute name="es_name" />
              <attribute name="es_city" />
              <attribute name="es_state" />
              <attribute name="es_marketid" />
              <order attribute="es_name" descending="false" />
            </entity>
          </fetch>
        </fetchxml>
        <layoutxml>
          <grid name="resultset" object="10001" jump="es_name" select="1" icon="1" preview="0">
            <row name="result" id="es_marketid">
              <cell name="es_name" width="200" />
              <cell name="es_city" width="150" />
              <cell name="es_state" width="100" />
            </row>
          </grid>
        </layoutxml>
      </savedquery>
    </savedqueries>
  </SavedQueries>
</Entity>
