<Entity>
  <Name LocalizedName="Reservation" OriginalName="Reservation">es_reservation</Name>
  <EntityInfo>
    <entity Name="es_reservation">
      <LocalizedNames>
        <LocalizedName description="Reservation" languagecode="1033" />
      </LocalizedNames>
      <LocalizedCollectionNames>
        <LocalizedCollectionName description="Reservations" languagecode="1033" />
      </LocalizedCollectionNames>
      <Descriptions>
        <Description description="Space reservation record" languagecode="1033" />
      </Descriptions>
    </entity>
  </EntityInfo>
</Entity>
