﻿<?xml version="1.0" encoding="utf-8"?>
<forms type="main">
  <systemform>
    <FormPresentation>
      <FormId>{c9315a85-7427-4ee3-a94d-9da4e85593e0}</FormId>
      <FormName>Information</FormName>
      <FormType>2</FormType>
      <IsCustomizable>1</IsCustomizable>
      <Description>Main form for cr39c_reservation</Description>
    </FormPresentation>
    <form>
      <tabs>
        <tab id="general" name="General">
          <columns>
            <column width="100%">
              <sections>
                <section id="general_section" name="General">
                  <rows>
                    <row>
                      <cell id="cr39c_reservation_name" showlabel="true" />
                    </row>
                  </rows>
                </section>
              </sections>
            </column>
          </columns>
        </tab>
      </tabs>
    </form>
  </systemform>
</forms>