<?xml version="1.0" encoding="utf-8"?>
<manifest>
  <control namespace="EasySpaces" constructor="ImageGallery" version="1.0.0" display-name-key="ImageGallery" description-key="Image Gallery Control for Easy Spaces" control-type="standard">
    <property name="items" display-name-key="Items" description-key="JSON array of image items" of-type="Multiple" usage="input" required="false" />
    <property name="selectedItem" display-name-key="Selected Item" description-key="Selected item ID" of-type="SingleLine.Text" usage="output" />
    <property name="selectedItems" display-name-key="Selected Items" description-key="JSON array of selected items" of-type="Multiple" usage="output" />
    <resources>
      <code path="index.ts" order="1"/>
      <css path="ImageGallery.css" order="1"/>
    </resources>
  </control>
</manifest>