<?xml version="1.0" encoding="utf-8"?>
<ImportExportXml version="9.2.24081.10375" SolutionPackageVersion="9.2" languagecode="1033">
  <SolutionManifest>
    <UniqueName>EasySpacesCompleteSolution</UniqueName>
    <LocalizedNames>
      <LocalizedName description="Easy Spaces Complete Solution" languagecode="1033"/>
    </LocalizedNames>
    <Descriptions>
      <Description description="Complete Easy Spaces event management solution with all components including model-driven app, canvas app, PCF controls, plugins, and flows" languagecode="1033"/>
    </Descriptions>
    <Version>1.0.0.2</Version>
    <Managed>0</Managed>
    <Publisher>
      <UniqueName>EasySpacesPublisher</UniqueName>
      <LocalizedNames>
        <LocalizedName description="Easy Spaces Publisher" languagecode="1033"/>
      </LocalizedNames>
      <Descriptions>
        <Description description="Publisher for Easy Spaces complete solution" languagecode="1033"/>
      </Descriptions>
      <CustomizationPrefix>es</CustomizationPrefix>
      <CustomizationOptionValuePrefix>10000</CustomizationOptionValuePrefix>
    </Publisher>
    <RootComponents>
      <RootComponent type="1" schemaName="es_market" behavior="0"/>
      <RootComponent type="1" schemaName="es_space" behavior="0"/>
      <RootComponent type="1" schemaName="es_reservation" behavior="0"/>
      <RootComponent type="300" schemaName="EasySpacesCanvas" behavior="0"/>
    </RootComponents>
    <MissingDependencies />
  </SolutionManifest>
</ImportExportXml>
