﻿<?xml version="1.0" encoding="utf-8"?>
<ImportExportXml version="9.2.24081.10375" SolutionPackageVersion="9.2" languagecode="1033" generatedBy="CrmLive" xmlns:xsi="http://www.w3.org/2001/XMLSchema-instance">
  <SolutionManifest>
    <UniqueName>EasySpacesMinimal</UniqueName>
    <LocalizedNames>
      <LocalizedName description="Easy Spaces Minimal" languagecode="1033" />
    </LocalizedNames>
    <Descriptions>
      <Description description="Minimal Easy Spaces solution for testing" languagecode="1033" />
    </Descriptions>
    <Version>1.0.0.0</Version>
    <Managed>0</Managed>
    <Publisher>
      <UniqueName>easyspacespub</UniqueName>
      <LocalizedNames>
        <LocalizedName description="Easy Spaces Publisher" languagecode="1033" />
      </LocalizedNames>
      <Descriptions>
        <Description description="Publisher for Easy Spaces solutions" languagecode="1033" />
      </Descriptions>
      <EMailAddress>admin@example.com</EMailAddress>
      <SupportingWebsiteUrl>https://www.example.com</SupportingWebsiteUrl>
      <CustomizationPrefix>esp</CustomizationPrefix>
      <CustomizationOptionValuePrefix>10000</CustomizationOptionValuePrefix>
      <Addresses>
        <Address>
          <AddressNumber>1</AddressNumber>
          <AddressTypeCode>1</AddressTypeCode>
          <City>Redmond</City>
          <Country>US</Country>
          <PostalCode>98052</PostalCode>
          <StateOrProvince>WA</StateOrProvince>
          <Street1>One Microsoft Way</Street1>
        </Address>
      </Addresses>
    </Publisher>
    <RootComponents />
    <MissingDependencies />
  </SolutionManifest>
</ImportExportXml>