<?xml version="1.0" encoding="utf-8"?>
<ImportExportXml xmlns:xsi="http://www.w3.org/2001/XMLSchema-instance">
  <Entities />
  <Roles />
  <Workflows />
  <FieldSecurityProfiles />
  <Templates />
  <EntityMaps />
  <EntityRelationships />
  <OrganizationSettings />
  <optionsets />
  
  <!-- Web Resources -->
  <WebResources>
    <WebResource>
      <WebResourceId>{00000000-0000-0000-0000-000000000001}</WebResourceId>
      <Name>es_/scripts/easyspaces.js</Name>
      <DisplayName>Easy Spaces Main Script</DisplayName>
      <WebResourceType>3</WebResourceType>
      <IntroducedVersion>1.0.0.0</IntroducedVersion>
      <IsEnabledForMobileClient>0</IsEnabledForMobileClient>
      <IsAvailableForMobileOffline>0</IsAvailableForMobileOffline>
      <DependencyXml>&lt;Dependencies&gt;&lt;Dependency componentType="1"/&gt;&lt;/Dependencies&gt;</DependencyXml>
      <IsCustomizable>1</IsCustomizable>
      <CanBeDeleted>1</CanBeDeleted>
      <IsHidden>0</IsHidden>
      <FileName>/WebResources/es_scripts_easyspaces.js</FileName>
    </WebResource>
    
    <WebResource>
      <WebResourceId>{00000000-0000-0000-0000-000000000002}</WebResourceId>
      <Name>es_/scripts/reservationhelper.js</Name>
      <DisplayName>Reservation Helper Script</DisplayName>
      <WebResourceType>3</WebResourceType>
      <IntroducedVersion>1.0.0.0</IntroducedVersion>
      <IsEnabledForMobileClient>0</IsEnabledForMobileClient>
      <IsAvailableForMobileOffline>0</IsAvailableForMobileOffline>
      <DependencyXml>&lt;Dependencies&gt;&lt;Dependency componentType="1"/&gt;&lt;/Dependencies&gt;</DependencyXml>
      <IsCustomizable>1</IsCustomizable>
      <CanBeDeleted>1</CanBeDeleted>
      <IsHidden>0</IsHidden>
      <FileName>/WebResources/es_scripts_reservationhelper.js</FileName>
    </WebResource>
    
    <WebResource>
      <WebResourceId>{00000000-0000-0000-0000-000000000003}</WebResourceId>
      <Name>es_/styles/easyspaces.css</Name>
      <DisplayName>Easy Spaces Styles</DisplayName>
      <WebResourceType>2</WebResourceType>
      <IntroducedVersion>1.0.0.0</IntroducedVersion>
      <IsEnabledForMobileClient>0</IsEnabledForMobileClient>
      <IsAvailableForMobileOffline>0</IsAvailableForMobileOffline>
      <DependencyXml>&lt;Dependencies&gt;&lt;Dependency componentType="1"/&gt;&lt;/Dependencies&gt;</DependencyXml>
      <IsCustomizable>1</IsCustomizable>
      <CanBeDeleted>1</CanBeDeleted>
      <IsHidden>0</IsHidden>
      <FileName>/WebResources/es_styles_easyspaces.css</FileName>
    </WebResource>
  </WebResources>
  
  <!-- Plugin Assemblies -->
  <SolutionPluginAssemblies>
    <PluginAssembly>
      <FullName>EasySpaces.Plugins, Version=1.0.0.0, Culture=neutral, PublicKeyToken=null</FullName>
      <PluginAssemblyId>{00000000-0000-0000-0000-000000000004}</PluginAssemblyId>
      <CustomizationLevel>1</CustomizationLevel>
      <Name>EasySpaces.Plugins</Name>
      <IsolationMode>2</IsolationMode>
      <SourceType>0</SourceType>
      <IntroducedVersion>1.0.0.0</IntroducedVersion>
      <FileName>/PluginAssemblies/EasySpacesPlugins-00000000-0000-0000-0000-000000000004/EasySpacesPlugins.dll</FileName>
      
      <PluginTypes>
        <PluginType>
          <PluginTypeId>{00000000-0000-0000-0000-000000000005}</PluginTypeId>
          <Name>EasySpaces.Plugins.ReservationManagerPlugin</Name>
          <FriendlyName>Reservation Manager Plugin</FriendlyName>
          <TypeName>EasySpaces.Plugins.ReservationManagerPlugin</TypeName>
          <Description>Manages reservation validation and pricing</Description>
        </PluginType>
        <PluginType>
          <PluginTypeId>{00000000-0000-0000-0000-000000000006}</PluginTypeId>
          <Name>EasySpaces.Plugins.CustomerServicesPlugin</Name>
          <FriendlyName>Customer Services Plugin</FriendlyName>
          <TypeName>EasySpaces.Plugins.CustomerServicesPlugin</TypeName>
          <Description>Handles customer-related operations</Description>
        </PluginType>
        <PluginType>
          <PluginTypeId>{00000000-0000-0000-0000-000000000007}</PluginTypeId>
          <Name>EasySpaces.Plugins.MarketServicesPlugin</Name>
          <FriendlyName>Market Services Plugin</FriendlyName>
          <TypeName>EasySpaces.Plugins.MarketServicesPlugin</TypeName>
          <Description>Market analytics and management</Description>
        </PluginType>
      </PluginTypes>
    </PluginAssembly>
  </SolutionPluginAssemblies>
  
  <!-- App Module -->
  <AppModules>
    <AppModule>
      <AppModuleId>{00000000-0000-0000-0000-000000000008}</AppModuleId>
      <UniqueName>es_easyspacesapp</UniqueName>
      <Name>Easy Spaces Management</Name>
      <AppModuleVersion>1.0.0.0</AppModuleVersion>
      <FormFactor>1</FormFactor>
      <ClientType>4</ClientType>
      <NavigationType>0</NavigationType>
      <Description>Complete space reservation management application</Description>
      <ConfigXML>&lt;AppModule&gt;&lt;Forms&gt;&lt;/Forms&gt;&lt;/AppModule&gt;</ConfigXML>
      <WebResourceId>00000000-0000-0000-0000-000000000000</WebResourceId>
      <StateCode>0</StateCode>
      <StatusCode>1</StatusCode>
    </AppModule>
  </AppModules>
  
  <CustomControls />
  <EntityDataProviders />
</ImportExportXml>
