<?xml version="1.0" encoding="utf-8"?>
<ImportExportXml version="9.2.0.0" SolutionPackageVersion="9.2" languagecode="1033" generatedBy="CrmLive" xmlns:xsi="http://www.w3.org/2001/XMLSchema-instance">
  <SolutionManifest>
    <UniqueName>EasySpacesSolutionProper</UniqueName>
    <LocalizedNames>
      <LocalizedName description="Easy Spaces Solution - Complete" languagecode="1033" />
    </LocalizedNames>
    <Descriptions>
      <Description description="Complete Easy Spaces application with all components" languagecode="1033" />
    </Descriptions>
    <Version>2.0.0.0</Version>
    <Managed>0</Managed>
    <Publisher>
      <UniqueName>EasySpacesPublisher</UniqueName>
      <LocalizedNames>
        <LocalizedName description="Easy Spaces Publisher" languagecode="1033" />
      </LocalizedNames>
      <Descriptions>
        <Description description="Publisher for Easy Spaces application" languagecode="1033" />
      </Descriptions>
      <EMailAddress xsi:nil="true"></EMailAddress>
      <SupportingWebsiteUrl xsi:nil="true"></SupportingWebsiteUrl>
      <CustomizationPrefix>es</CustomizationPrefix>
      <CustomizationOptionValuePrefix>48147</CustomizationOptionValuePrefix>
      <Addresses>
        <Address>
          <AddressNumber>1</AddressNumber>
          <AddressTypeCode>1</AddressTypeCode>
          <City xsi:nil="true"></City>
          <StateOrProvince xsi:nil="true"></StateOrProvince>
          <Country xsi:nil="true"></Country>
          <PostalCode xsi:nil="true"></PostalCode>
        </Address>
      </Addresses>
    </Publisher>
    <RootComponents>
      <!-- Entities -->
      <RootComponent type="1" schemaName="es_space" behavior="0" />
      <RootComponent type="1" schemaName="es_market" behavior="0" />
      <RootComponent type="1" schemaName="es_reservation" behavior="0" />
      
      <!-- Web Resources -->
      <RootComponent type="61" schemaName="es_/scripts/easyspaces.js" behavior="0" />
      <RootComponent type="61" schemaName="es_/scripts/reservationhelper.js" behavior="0" />
      <RootComponent type="61" schemaName="es_/styles/easyspaces.css" behavior="0" />
      
      <!-- Plugin Assemblies -->
      <RootComponent type="91" schemaName="EasySpaces.Plugins" behavior="0" />
      
      <!-- Sitemap -->
      <RootComponent type="62" schemaName="es_easyspacesapp" behavior="0" />
    </RootComponents>
    <MissingDependencies />
  </SolutionManifest>
</ImportExportXml>
