﻿<?xml version="1.0" encoding="utf-8"?>
<ImportExportXml version="9.2.24081.10375" SolutionPackageVersion="9.2" languagecode="1033" generatedBy="CrmLive" xmlns:xsi="http://www.w3.org/2001/XMLSchema-instance">
  <SolutionManifest>
    <UniqueName>EasySpaces</UniqueName>
    <LocalizedNames>
      <LocalizedName description="Easy Spaces" languagecode="1033"/>
    </LocalizedNames>
    <Descriptions>
      <Description description="Event management solution for creating and managing custom pop-up spaces" languagecode="1033"/>
    </Descriptions>
    <Version>1.0.0.0</Version>
    <Managed>0</Managed>
    <Publisher>
      <UniqueName>easyspaces</UniqueName>
      <LocalizedNames>
        <LocalizedName description="Easy Spaces" languagecode="1033"/>
      </LocalizedNames>
      <Descriptions>
        <Description description="Easy Spaces Publisher" languagecode="1033"/>
      </Descriptions>
      <EMailAddress>admin@easyspaces.com</EMailAddress>
      <SupportingWebsiteUrl>https://www.easyspaces.com</SupportingWebsiteUrl>
      <CustomizationPrefix>es</CustomizationPrefix>
      <CustomizationOptionValuePrefix>10000</CustomizationOptionValuePrefix>
      <Addresses>
        <Address>
          <AddressNumber>1</AddressNumber>
          <AddressTypeCode>1</AddressTypeCode>
          <City>San Francisco</City>
          <StateOrProvince>CA</StateOrProvince>
          <Country>USA</Country>
          <PostalCode>94105</PostalCode>
        </Address>
      </Addresses>
    </Publisher>
    <RootComponents />
    <MissingDependencies />
  </SolutionManifest>
</ImportExportXml>