<?xml version="1.0" encoding="utf-8"?>
<WebResource xmlns:xsi="http://www.w3.org/2001/XMLSchema-instance">
  <WebResourceId>{B1234567-89AB-CDEF-0123-456789ABCDEF}</WebResourceId>
  <Name>es_openRecordAction</Name>
  <DisplayName>Easy Spaces Open Record Action</DisplayName>
  <WebResourceType>3</WebResourceType>
  <IntroducedVersion>1.0.0.0</IntroducedVersion>
  <Description>JavaScript library from repository for Easy Spaces</Description>
  <CreatedOn>0001-01-01T00:00:00Z</CreatedOn>
  <ModifiedOn>0001-01-01T00:00:00Z</ModifiedOn>
  <FileName>/WebResources/es_openRecordAction.js</FileName>
</WebResource>
