<App AppId="es_easyspacesmanagement" UniqueName="es_easyspacesmanagement" Name="Easy Spaces Management" IntroducedVersion="1.0.0.0">
  <Description>Model-driven app for managing spaces, reservations, and markets</Description>
  <AppComponents>
    <AppComponent type="Entity" schemaName="es_market" />
    <AppComponent type="Entity" schemaName="es_space" />
    <AppComponent type="Entity" schemaName="es_reservation" />
    <AppComponent type="SiteMap" schemaName="es_easyspaces_sitemap" />
  </AppComponents>
  <AppDesigner>
    <CanvasAppType>ModelDriven</CanvasAppType>
  </AppDesigner>
</App>
